# Time-averaged data for fix muavg
# TimeStep v_muex v_boltz v_wvol
50500 0 0 15725.4
50600 4.06369 0.00109565 15726.6
50700 10.4763 2.33441e-08 15850.6
50800 3.45176 0.00305809 15969.4
50900 -3.2188 221.23 16013.8
51000 3.23541 0.00439598 15991.4
51100 5.09851 0.000193115 15898.1
51200 0.0137246 0.977241 15791.6
51300 3.44411 0.00309758 15687.7
51400 -4.78392 3054.97 15671.3
51500 1.28253 0.116331 15687.7
51600 1.80707 0.0482592 15688.1
51700 2.62684 0.0122008 15709.6
51800 0.95379 0.20192 15758.9
51900 0.648603 0.336902 15821.9
52000 3.52781 0.00269183 15848.3
52100 -0.337471 1.76134 15892.1
52200 4.92527 0.00025824 15934.4
52300 4.54633 0.000487608 15896
52400 1.61565 0.0665313 15877.1
52500 0.277015 0.628346 15853.6
52600 3.36211 0.00355435 15846.7
52700 -1.71538 17.7676 15889.1
52800 -0.497862 2.30507 15903.7
52900 3.26297 0.00419737 15906.4
53000 -1.04793 5.79966 15876.4
53100 0.96736 0.197376 15842.9
53200 2.85656 0.00829927 15859.6
53300 -5.63063 12642.3 15949.1
53400 -0.0795905 1.14283 16062.7
53500 -0.725768 3.3784 16150.3
53600 -3.5362 376.76 16128.5
53700 4.01928 0.00118038 16124.2
53800 0.743105 0.287515 16201
53900 1.45489 0.0871229 16240.4
54000 2.28662 0.0215889 16143
54100 -1.47844 11.9404 15961.8
54200 2.70225 0.0107511 15797.7
54300 1.10598 0.156426 15726.5
54400 1.7161 0.0562147 15730.4
54500 -0.848423 4.15014 15802.7
54600 2.36461 0.0189417 15828.5
54700 -3.08549 176.9 15842.4
54800 -0.971198 5.0992 15884.6
54900 -1.91874 24.9901 15898.6
55000 2.02167 0.0336699 15812.2
55100 -4.0007 821.19 15734.3
55200 0.842546 0.243343 15677.7
55300 7.78805 2.12096e-06 15627.3
55400 4.28394 0.00075721 15593.8
55500 5.11588 0.000187569 15586.3
55600 2.5773 0.0132579 15627.4
55700 1.60264 0.067999 15702.1
55800 0.0404021 0.934475 15745.5
55900 -1.14508 6.82607 15723.5
56000 2.1341 0.0278832 15728.9
56100 7.14171 6.27162e-06 15780.7
56200 2.57509 0.0133072 15782.7
56300 3.62457 0.00228855 15707.4
56400 0.995559 0.188257 15667.8
56500 2.98326 0.00671034 15669.4
56600 2.49717 0.0151653 15634.1
56700 7.01746 7.72484e-06 15588.7
56800 4.93365 0.000254635 15545.6
56900 5.77529 6.20574e-05 15477.7
57000 1.52435 0.0775423 15465.3
57100 1.95547 0.0376246 15547
57200 0.511761 0.423829 15599
57300 1.24823 0.123221 15566.8
57400 3.26618 0.00417483 15468.9
57500 -0.670001 3.0767 15395.6
57600 2.29555 0.0212683 15392.6
57700 3.88386 0.0014814 15460
57800 2.00731 0.0344908 15586.5
57900 5.98455 4.36868e-05 15717.6
58000 1.1288 0.150552 15745.8
58100 0.118556 0.81966 15748.6
58200 6.00462 4.22405e-05 15700.4
58300 -3.75228 541.351 15587.6
58400 2.23139 0.0236848 15479.6
58500 1.11262 0.154695 15451.2
58600 3.77954 0.00176468 15500.6
58700 8.30758 8.87277e-07 15611.9
58800 0.197532 0.717961 15689.6
58900 -2.46449 62.4226 15717.4
59000 1.60923 0.0672512 15698.1
59100 5.03817 0.000213683 15681.9
59200 -1.36587 9.88583 15693.3
59300 4.30852 0.000726625 15725.7
59400 5.37186 0.000122091 15747.1
59500 -1.84669 22.1455 15725.9
59600 0.982472 0.192435 15614.6
59700 11.1632 7.37526e-09 15469.5
59800 1.32338 0.108627 15359.4
59900 -1.2631 8.32047 15368.7
60000 -0.65392 2.99482 15469.5
60100 2.57914 0.0132172 15620.4
60200 1.23142 0.126745 15731.5
60300 1.00485 0.185345 15814.3
60400 0.0620829 0.901101 15830.7
60500 3.56554 0.00252675 15757.3
60600 2.82083 0.00881193 15620.4
60700 1.74209 0.0538164 15473.1
60800 -2.45733 61.6777 15386.6
60900 3.11116 0.00541461 15378.3
61000 4.96635 0.000241044 15404.4
61100 2.20513 0.0247515 15419.2
61200 3.48829 0.00287633 15440.8
61300 4.73525 0.000355178 15479.6
61400 12.8294 4.5083e-10 15494.3
61500 7.91087 1.72605e-06 15434.5
61600 -2.59046 77.1092 15383.7
61700 9.19484 2.0031e-07 15396.8
61800 3.92923 0.00137283 15426.2
61900 6.35611 2.34249e-05 15523.1
62000 -1.27586 8.50055 15575.9
62100 -1.49191 12.2133 15545.1
62200 4.56787 0.000470309 15513
62300 4.03459 0.00115045 15500.4
62400 8.47694 6.67854e-07 15529.9
62500 5.80834 5.87112e-05 15534.4
62600 -2.27608 45.5082 15528.5
62700 1.80771 0.0482069 15480.4
62800 4.11254 0.00100943 15437.3
62900 2.5735 0.0133427 15449.9
63000 1.15285 0.144601 15466.4
63100 -4.56147 2103.58 15458.9
63200 -2.01797 29.5163 15511.2
63300 0.756816 0.280978 15620.1
63400 2.53599 0.0142092 15687.8
63500 -0.566412 2.58596 15653.3
63600 1.61097 0.0670558 15564
63700 -0.0259721 1.04453 15520.4
63800 2.45308 0.0163295 15516.9
63900 -1.2287 7.85389 15566.3
64000 2.72364 0.0103723 15656.4
64100 4.48389 0.000541452 15744.8
64200 -0.806324 3.86718 15774
64300 1.53412 0.076281 15790.5
64400 0.228928 0.68113 15753.8
64500 1.7167 0.0561584 15717.2
64600 2.9711 0.00684864 15736.8
64700 -0.883657 4.40281 15796.2
64800 6.98423 8.16766e-06 15832.9
64900 2.82163 0.00880012 15767.8
65000 4.74519 0.000349305 15692.7
65100 3.81029 0.00167596 15626.9
65200 5.59713 8.36716e-05 15592.7
65300 -2.2914 46.6924 15704.8
65400 -0.964156 5.03932 15843.8
65500 2.95255 0.00706503 15884.8
65600 1.12599 0.151265 15841.4
65700 -1.2032 7.52511 15775.4
65800 10.349 2.89031e-08 15748.6
65900 2.70678 0.0106697 15740.9
66000 2.52572 0.0144562 15720.9
66100 4.10955 0.00101452 15627.4
66200 7.00435 7.89664e-06 15548
66300 4.54604 0.000487845 15486.5
66400 10.4673 2.37002e-08 15507.7
66500 1.0885 0.161082 15552
66600 -0.877306 4.35616 15555.6
66700 4.90852 0.000265598 15536.5
66800 -0.942684 4.86106 15482.9
66900 7.30826 4.74298e-06 15442.6
67000 -0.911601 4.6141 15424.9
67100 2.43611 0.0168008 15450.1
67200 7.71786 2.38594e-06 15481
67300 3.37254 0.00349267 15463.1
67400 0.856133 0.23786 15372.3
67500 9.86543 6.50419e-08 15281.9
67600 6.17701 3.16336e-05 15230.1
67700 6.43981 2.03564e-05 15167.5
67800 -3.83457 621.474 15141.7
67900 13.9924 6.40854e-11 15163.9
68000 0.0163207 0.972995 15261.4
68100 1.26526 0.119751 15427.5
68200 -1.22568 7.81428 15614.8
68300 -0.156144 1.29942 15723
68400 -3.02939 161.013 15726.1
68500 -1.2854 8.63755 15677.5
68600 0.5047 0.428879 15590.4
68700 0.683765 0.317605 15543
68800 4.31203 0.000722361 15524.8
68900 -1.50616 12.5087 15553.3
69000 2.32837 0.0201287 15621.5
69100 1.37542 0.0995471 15710.5
69200 -0.551084 2.52032 15778.7
69300 -4.78105 3040.31 15805.2
69400 -0.780291 3.70194 15800
69500 3.86897 0.00151886 15780.2
69600 -1.14959 6.87794 15815.4
69700 -0.984208 5.2117 15898.2
69800 2.71662 0.0104951 15962.1
69900 4.58123 0.000459882 15964.9
70000 -0.65426 2.99653 15952.3
70100 1.29694 0.113553 15983.5
70200 4.46233 0.000561386 15988.3
70300 0.84197 0.243578 15905.7
70400 0.772531 0.273668 15767.3
70500 -0.919039 4.67203 15577.3
70600 3.46716 0.0029801 15403.3
70700 2.03377 0.0329935 15409.3
70800 9.06795 2.47826e-07 15554.9
70900 0.99665 0.187913 15692.1
71000 2.81666 0.0088738 15733.2
71100 1.17309 0.139774 15699.6
71200 -4.55768 2090.23 15677.6
71300 6.98947 8.09625e-06 15650.2
71400 -0.158718 1.30504 15623
71500 0.187322 0.730364 15571.1
71600 -0.350697 1.80085 15588.2
71700 -2.56031 73.3068 15675.6
71800 0.689019 0.314819 15718.2
71900 1.33172 0.107117 15712.3
72000 -0.153328 1.29329 15675.3
72100 -0.171395 1.33309 15673.2
72200 -0.0136816 1.02321 15654.9
72300 0.149464 0.778248 15665.8
72400 5.75357 6.43602e-05 15760.6
72500 1.91192 0.0404762 15842.3
72600 -2.3037 47.6663 15894.3
72700 -0.602659 2.74807 15915.5
72800 0.875856 0.230119 15863
72900 -0.458496 2.15778 15764.4
73000 3.04617 0.00603829 15720
73100 0.663115 0.3288 15755.4
73200 5.63556 7.84486e-05 15846.4
73300 3.98121 0.00125821 15824.2
73400 0.616036 0.355818 15741.5
73500 -0.47613 2.22256 15673
73600 -0.398129 1.94998 15706.9
73700 1.69502 0.0582377 15795.9
73800 1.78881 0.0497598 15836.4
73900 2.3162 0.020544 15859.1
74000 4.4257 0.000596963 15904.8
74100 2.68084 0.0111442 15863.6
74200 0.405301 0.506693 15755.6
74300 4.18787 0.000889612 15700.5
74400 3.05328 0.00596674 15760.4
74500 1.39886 0.0957092 15762.4
74600 5.98961 4.33175e-05 15741.5
74700 3.71601 0.00196312 15792.2
74800 0.320566 0.584081 15814.4
74900 -2.94866 140.622 15784.5
75000 1.12732 0.150926 15716.1
75100 0.0754221 0.881163 15675.8
75200 3.26007 0.00421782 15635.6
75300 4.13551 0.000971278 15623
75400 -0.741483 3.46863 15592.2
75500 -4.27259 1295.72 15611.9
75600 3.26357 0.0041932 15727
75700 2.33928 0.0197638 15820.8
75800 0.0772845 0.878415 15887
75900 1.90869 0.0406958 15901.5
76000 2.48852 0.015387 15895.1
76100 2.51542 0.0147081 15851.6
76200 -1.63122 15.4284 15790
76300 1.68224 0.0595002 15740.3
76400 -0.0649638 1.11513 15657.3
76500 3.07649 0.00573883 15601.9
76600 6.01296 4.16539e-05 15580.1
76700 5.42503 0.000111673 15591.3
76800 -1.74502 18.6733 15579.7
76900 1.6589 0.0618755 15589
77000 0.656661 0.332379 15614.3
77100 1.94152 0.0385153 15579.5
77200 11.5302 3.98528e-09 15568.9
77300 1.22603 0.127897 15605.2
77400 0.860084 0.236289 15630
77500 -2.64358 84.2963 15678.7
77600 -0.650425 2.97731 15722
77700 -0.362758 1.83765 15768.2
77800 -1.44859 11.3574 15776.8
77900 8.31045 8.83019e-07 15753.4
78000 2.77896 0.0094531 15713
78100 -0.0496566 1.08686 15687.9
78200 -1.26509 8.34835 15700.8
78300 -1.70208 17.3756 15633
78400 2.2638 0.0224315 15539.7
78500 2.37811 0.0185177 15487.7
78600 1.69903 0.0578475 15460.8
78700 3.77945 0.00176494 15447
78800 10.2427 3.45429e-08 15447.3
78900 7.50699 3.39845e-06 15432.3
79000 -2.86427 122.06 15400
79100 4.97287 0.000238421 15300.2
79200 3.99812 0.00122301 15206.1
79300 4.16829 0.000919328 15169.1
79400 7.39184 4.12249e-06 15207.7
79500 6.19375 3.07574e-05 15265.3
79600 -0.692138 3.19309 15322.8
79700 -0.556526 2.54343 15381.6
79800 1.81217 0.0478475 15409.2
79900 -1.45478 11.4759 15415.6
80000 7.65369 2.65713e-06 15353.7
80100 8.11297 1.2298e-06 15280.7
80200 5.50045 9.84037e-05 15286.1
80300 5.61878 8.06874e-05 15328.2
80400 1.45774 0.086708 15370.8
80500 0.50883 0.425917 15382.8
80600 4.7627 0.000339192 15375.1
80700 0.166118 0.756809 15427.8
80800 1.14039 0.147654 15469.2
80900 4.46329 0.000560486 15465.2
81000 1.67588 0.0601379 15468.5
81100 4.74348 0.000350306 15494.6
81200 2.04235 0.0325223 15477.2
81300 9.25912 1.79838e-07 15405.3
81400 15.266 7.56762e-12 15369.8
81500 2.55527 0.0137571 15355.8
81600 -0.418657 2.0183 15359
81700 3.38643 0.00341223 15399.6
81800 2.38859 0.0181951 15461.6
81900 3.74842 0.00185925 15465.8
82000 3.34398 0.00366408 15389.9
82100 2.15901 0.0267422 15251.1
82200 2.56172 0.013609 15155.2
82300 -1.44285 11.2485 15142.9
82400 0.263634 0.64261 15190.7
82500 4.06246 0.00109791 15271.3
82600 1.38089 0.0986387 15321.9
82700 10.5536 2.05063e-08 15324.3
82800 -1.96293 26.9131 15309.1
82900 1.6232 0.0656936 15266
83000 8.29296 9.09316e-07 15185.8
83100 6.23399 2.87502e-05 15179.5
83200 8.78269 3.99897e-07 15217.8
83300 -0.622319 2.8402 15201.6
83400 2.23321 0.0236125 15216.5
83500 0.4866 0.442099 15323.1
83600 -1.40502 10.5568 15485.1
83700 4.76489 0.000337949 15607.6
83800 2.13015 0.0280687 15663
83900 -4.36247 1506.58 15724
84000 0.0772495 0.878466 15766.2
84100 -3.85182 639.722 15745.3
84200 1.36218 0.101782 15733
84300 1.49668 0.081226 15715.8
84400 -1.34019 9.46905 15744.8
84500 8.54374 5.97069e-07 15787
84600 2.57042 0.0134118 15806
84700 4.45425 0.000569047 15778.2
84800 1.55594 0.0735397 15711.3
84900 2.40458 0.0177135 15623.4
85000 5.50329 9.79358e-05 15583.4
85100 0.369565 0.537994 15643.9
85200 0.830483 0.248317 15786.1
85300 -3.05594 168.345 15906.5
85400 -2.18499 39.0599 15922.9
85500 1.16709 0.141186 15834.5
85600 0.493085 0.437316 15783.6
85700 1.49771 0.0810858 15786.9
85800 0.994907 0.188463 15753.1
85900 1.81611 0.0475326 15751.6
86000 4.83508 0.000300413 15818.4
86100 0.560316 0.390678 15875
86200 0.529861 0.411154 15890.7
86300 1.99628 0.0351351 15877.2
86400 2.58258 0.0131411 15845.1
86500 3.74525 0.00186916 15830.7
86600 5.17188 0.000170754 15852.6
86700 -0.173672 1.33819 15844.8
86800 3.74948 0.00185595 15818
86900 1.18386 0.137271 15836.9
87000 -8.09743 792222 15867.1
87100 4.98904 0.000232042 15856.3
87200 3.18885 0.00475304 15866.3
87300 2.28815 0.0215338 15882.9
87400 1.07519 0.164717 15941.9
87500 -0.29974 1.65332 15988.5
87600 1.66985 0.0607494 15983.2
87700 -0.84807 4.14768 15944.1
87800 -2.06088 31.7187 15909.3
87900 -0.339824 1.7683 15886.2
88000 0.877831 0.229358 15834.5
88100 0.428382 0.48745 15779.5
88200 -3.40851 304.123 15777.3
88300 1.54599 0.0747774 15788.6
88400 2.07039 0.0310281 15797.6
88500 0.017711 0.970729 15816.5
88600 2.10657 0.0292008 15842.7
88700 6.49454 1.85709e-05 15775
88800 1.25441 0.12195 15657.2
88900 16.4634 1.01548e-12 15529
89000 1.84218 0.045499 15457.1
89100 3.13295 0.00522031 15466
89200 2.91458 0.00752961 15538.5
89300 2.69234 0.0109313 15669.5
89400 -1.37096 9.97056 15819.7
89500 2.51098 0.0148182 15951.4
89600 0.127399 0.807591 15997
89700 -1.59798 14.5916 15996.4
89800 1.54213 0.0752636 15942.5
89900 0.324681 0.580062 15853.7
90000 -0.141007 1.26684 15805.5
90100 5.59488 8.39879e-05 15802.6
90200 -1.90673 24.4918 15791.2
90300 7.51238 3.36785e-06 15754.5
90400 1.21679 0.129894 15732.5
90500 -0.175473 1.34224 15790.3
90600 0.71561 0.301085 15838
90700 -2.08188 32.8561 15814.5
90800 5.83274 5.63567e-05 15745.7
90900 1.0408 0.1745 15731.2
91000 1.5477 0.0745628 15695.1
91100 3.30498 0.00391179 15644.9
91200 2.4414 0.0166524 15600.4
91300 1.46907 0.0850754 15632.4
91400 3.20927 0.00459298 15615.4
91500 0.910093 0.217276 15575.6
91600 -1.40354 10.5306 15541.8
91700 3.51112 0.00276827 15506.7
91800 4.40005 0.000623212 15555.3
91900 2.83758 0.00856783 15624.4
92000 2.72721 0.0103102 15678.7
92100 1.54171 0.075316 15684.4
92200 6.5243 1.76665e-05 15650.7
92300 3.62899 0.00227164 15616.8
92400 -1.48433 12.059 15647.6
92500 0.0424814 0.931221 15709.9
92600 6.04224 3.96577e-05 15749.6
92700 3.34045 0.00368583 15711.7
92800 4.89083 0.000273595 15713.1
92900 1.63833 0.0640479 15788
93000 -0.653596 2.99319 15880.9
93100 -0.933465 4.78646 15850.5
93200 3.21776 0.00452809 15728.4
93300 4.60097 0.000444905 15651
93400 0.9886 0.190467 15597.8
93500 5.1602 0.000174133 15549.6
93600 1.99045 0.0354802 15430.6
93700 6.88065 9.71754e-06 15308.1
93800 4.23666 0.000819711 15253.8
93900 3.83824 0.00159921 15300.1
94000 1.69347 0.0583898 15395.9
94100 -0.321197 1.71391 15522.6
94200 -0.41206 1.99609 15730.9
94300 0.889636 0.224861 15840.5
94400 2.4035 0.0177455 15867.8
94500 1.19328 0.135118 15814.6
94600 6.2649 2.72976e-05 15683.8
94700 0.887354 0.225723 15609.5
94800 1.43694 0.0897875 15629.7
94900 2.80507 0.00904796 15693.7
95000 0.715783 0.300998 15761.2
95100 7.74122 2.29428e-06 15751.6
95200 -0.520553 2.3945 15722.4
95300 1.27768 0.117283 15727
95400 1.30169 0.112653 15713
95500 1.11054 0.155236 15661.5
95600 2.40825 0.0176048 15592
95700 0.996552 0.187944 15502.5
95800 4.05236 0.00111666 15464.8
95900 5.52 9.52282e-05 15404.3
96000 3.79942 0.00170679 15378
96100 2.92318 0.00742188 15429.1
96200 6.11071 3.53545e-05 15447.6
96300 3.03566 0.00614568 15468
96400 0.505108 0.428585 15517.3
96500 9.69953 8.5911e-08 15591
96600 -2.16946 38.0552 15642.3
96700 2.98793 0.00665797 15664.1
96800 5.8542 5.43636e-05 15716.9
96900 2.39278 0.0180675 15684.3
97000 0.984941 0.19164 15564.9
97100 1.1729 0.139816 15432.3
97200 -2.50696 67.0312 15365
97300 1.29311 0.114286 15349.8
97400 3.47338 0.00294917 15331.9
97500 6.20884 2.99889e-05 15366.6
97600 0.472603 0.452602 15430.4
97700 1.62216 0.0658089 15451.4
97800 -1.32707 9.263 15471.1
97900 0.49242 0.437804 15538.7
98000 -0.763581 3.59962 15602.4
98100 7.03054 7.5573e-06 15601.7
98200 -1.35513 9.70928 15528.3
98300 2.52678 0.0144305 15452.6
98400 1.36259 0.101713 15377
98500 2.43362 0.0168713 15395.1
98600 2.35981 0.019095 15472.5
98700 7.86545 1.8627e-06 15538.2
98800 1.54152 0.0753405 15586.1
98900 2.60754 0.0126023 15609.6
99000 2.06222 0.0314563 15582.7
99100 13.1043 2.8428e-10 15490
99200 1.57934 0.0707093 15392.8
99300 8.92421 3.15397e-07 15375.6
99400 0.307135 0.597389 15391.2
99500 4.85705 0.000289547 15443.9
99600 1.25802 0.121215 15531.4
99700 4.47069 0.000553569 15643.6
99800 -1.47594 11.8905 15799
99900 3.22302 0.00448829 15847.7
100000 0.532038 0.409655 15783.4
100100 5.61942 8.06009e-05 15723.5
100200 -1.97019 27.2429 15732.3
100300 6.02722 4.06691e-05 15788.1
100400 10.3934 2.68258e-08 15835.9
100500 -4.01444 840.336 15890.2
100600 2.71726 0.0104839 15873.3
100700 -0.474295 2.21573 15773.5
100800 -1.32102 9.16936 15649.1
100900 1.0401 0.174705 15566.9
101000 5.15433 0.000175854 15528.6
101100 -1.01709 5.50728 15571.2
101200 1.34672 0.104457 15656.7
101300 0.908445 0.217877 15689.7
101400 4.8773 0.000279877 15669.5
101500 6.3602 2.32647e-05 15671.7
101600 -0.826759 4.00203 15675.1
101700 1.56089 0.0729323 15654.3
101800 -0.0642669 1.11383 15574.2
101900 -1.04797 5.80001 15508.2
102000 7.13214 6.37311e-06 15514.9
102100 -2.48696 64.8204 15577.7
102200 2.83645 0.00858401 15642.1
102300 0.51821 0.419268 15663.6
102400 -0.099656 1.18195 15667.1
102500 2.31114 0.020719 15660.3
102600 -4.95498 4070.3 15662.3
102700 0.673213 0.323277 15638.8
102800 1.82629 0.0467277 15676.8
102900 1.59044 0.069405 15758.8
103000 -2.36644 52.9557 15836.8
103100 -2.54595 71.5623 15876.6
103200 1.50347 0.0803062 15966.3
103300 -1.47344 11.8408 16018.9
103400 1.77288 0.0511074 15944.9
103500 0.651221 0.335425 15869.6
103600 -2.81926 113.184 15869.5
103700 -1.9745 27.4403 15855
103800 0.764847 0.277218 15824.1
103900 4.28437 0.000756663 15850.1
104000 6.10166 3.58955e-05 15852.7
104100 1.88408 0.0424112 15786
104200 0.96604 0.197813 15733.1
104300 5.87738 5.22907e-05 15744.4
104400 2.67995 0.0111609 15752.8
104500 -3.52914 372.323 15755.1
104600 2.72928 0.0102745 15785.2
104700 -1.18771 7.33209 15754.8
104800 2.16621 0.0264211 15715.7
104900 3.45087 0.00306265 15681.3
105000 0.850161 0.240254 15609.9
105100 5.16558 0.000172567 15546.7
105200 -0.0919153 1.1667 15554.1
105300 3.97154 0.00127878 15668
105400 0.271447 0.634242 15807.5
105500 -1.74276 18.6026 15931.7
105600 1.85576 0.0444744 16007.7
105700 2.10032 0.0295086 15963.1
105800 5.07937 0.000199416 15842.8
105900 -0.626566 2.86051 15708.5
106000 -1.58099 14.1817 15581.3
106100 10.3013 3.13085e-08 15536.6
106200 4.69102 0.000382534 15536.1
106300 -0.919603 4.67645 15524.2
106400 0.839628 0.244537 15516.2
106500 -0.734373 3.42751 15560.2
106600 0.812388 0.255969 15675.7
106700 -1.86995 23.0267 15746.6
106800 2.43557 0.0168161 15782.1
106900 1.95051 0.0379388 15812.1
107000 -1.16541 7.06289 15815.8
107100 1.17903 0.138387 15802.3
107200 1.07368 0.165135 15752.8
107300 3.60803 0.00235293 15688.5
107400 1.61198 0.0669424 15679.2
107500 3.60156 0.00237859 15695.4
107600 3.83993 0.00159468 15692.3
107700 4.07718 0.00107112 15677.3
107800 0.949633 0.203333 15628.5
107900 -1.41731 10.7768 15607.6
108000 3.39267 0.00337671 15594.5
108100 2.09847 0.0296006 15553.1
108200 2.89927 0.00772557 15567.8
108300 1.07641 0.164381 15585.4
108400 -1.12891 6.64338 15617.2
108500 -2.96223 143.86 15600.9
108600 2.15251 0.0270352 15585.7
108700 -1.75043 18.8435 15606.8
108800 1.35964 0.102217 15644.3
108900 3.55874 0.00255573 15622.2
109000 2.37369 0.0186553 15538.7
109100 1.11701 0.153558 15462.2
109200 0.560371 0.390642 15446.6
109300 1.96381 0.0371017 15499.8
109400 0.844532 0.242533 15677.9
109500 -0.872262 4.31945 15818.6
109600 -4.78699 3070.77 15851.6
109700 3.79358 0.00172362 15901.3
109800 5.2316 0.000154478 15963.8
109900 1.74678 0.0533949 15996.1
110000 2.56179 0.0136074 15915.2
110100 4.11947 0.000997776 15707.1
110200 5.57427 8.69425e-05 15527.6
110300 2.22011 0.024137 15409.5
110400 4.41458 0.000608208 15429.1
110500 4.26809 0.00077761 15450.2
110600 0.917005 0.214772 15477.2
110700 5.3632 0.000123878 15521.2
110800 5.48195 0.000101506 15582.5
110900 3.50177 0.00281199 15679.9
111000 -0.534333 2.45049 15761.2
111100 1.3688 0.100658 15803.8
111200 2.07724 0.0306733 15789.9
111300 -1.77367 19.5924 15751.5
111400 7.84737 1.92008e-06 15752.9
111500 -1.71262 17.6855 15765.5
111600 4.06524 0.0010928 15786.9
111700 -0.565565 2.58229 15819.8
111800 -1.30498 8.92607 15817.6
111900 2.24507 0.0231473 15682.2
112000 7.17111 5.96985e-06 15570.4
112100 -0.351309 1.8027 15512.2
112200 0.309882 0.594643 15527.4
112300 4.48278 0.000542459 15611.5
112400 -0.75671 3.55837 15682.2
112500 1.36745 0.100886 15687.5
112600 1.2396 0.125018 15637.7
112700 0.07414 0.88306 15628.2
112800 -0.953066 4.94645 15646.8
112900 4.51458 0.000514284 15651.6
113000 0.0875944 0.863354 15589.4
113100 -1.17148 7.13516 15507.2
113200 1.16573 0.14151 15436.5
113300 2.37744 0.0185383 15361.5
113400 4.64951 0.000410117 15303.1
113500 2.49853 0.0151309 15310.1
113600 6.00676 4.2089e-05 15402.3
113700 1.06468 0.167648 15494.1
113800 2.22503 0.0239388 15548.9
113900 4.35811 0.000668627 15596.5
114000 5.23195 0.000154387 15635.7
114100 3.81295 0.0016685 15647.7
114200 1.64592 0.0632378 15632.9
114300 -2.09673 33.6848 15599.2
114400 1.06207 0.168383 15559
114500 -0.206 1.41276 15557.7
114600 3.59317 0.0024123 15644.4
114700 1.00971 0.18384 15705.3
114800 1.67782 0.0599427 15754.3
114900 -1.33935 9.45575 15736
115000 1.30113 0.112758 15764.5
115100 3.01925 0.00631715 15744.8
115200 3.22037 0.00450829 15658.7
115300 3.04013 0.00609973 15560.8
115400 0.661819 0.329515 15484.2
115500 6.07467 3.75576e-05 15458.6
115600 1.09089 0.160436 15458.8
115700 1.68377 0.0593477 15509.9
115800 1.56325 0.0726441 15532.4
115900 9.23558 1.8708e-07 15517.9
116000 0.144281 0.785043 15510.9
116100 3.68514 0.00206745 15569.5
116200 4.63107 0.000422996 15667.2
116300 -2.58356 76.2217 15715
116400 0.484017 0.444019 15694.1
116500 1.71423 0.0563912 15643.5
116600 2.09006 0.0300208 15610.9
116700 1.61498 0.0666064 15612.4
116800 5.32731 0.000131565 15545.2
116900 0.0590367 0.905717 15451.5
117000 -4.30286 1363.21 15404.7
117100 4.69303 0.000381244 15411.6
117200 3.04923 0.00600742 15472.2
117300 4.28718 0.000753111 15612.2
117400 0.698286 0.309963 15724.7
117500 3.00787 0.00643892 15751.1
117600 5.69204 7.13576e-05 15765.4
117700 5.73167 6.67682e-05 15807.9
117800 3.18198 0.00480819 15874.8
117900 1.62981 0.0649696 15909.2
118000 -0.883992 4.40528 15917.3
118100 4.65062 0.000409356 15837
118200 2.6274 0.0121893 15761.6
118300 4.52254 0.000507456 15679.1
118400 2.66739 0.0113986 15650.4
118500 7.34002 4.49692e-06 15666.7
118600 9.01285 2.7182e-07 15645.8
118700 3.10003 0.00551665 15610.1
118800 3.9696 0.00128296 15592.8
118900 2.07532 0.0307724 15597.5
119000 5.38922 0.000118587 15560.9
119100 -0.647816 2.96431 15557.9
119200 3.2717 0.00413637 15612.1
119300 8.53292 6.08e-07 15666.7
119400 3.22485 0.00447456 15709.9
119500 4.54148 0.000491592 15695.7
119600 6.01605 4.14384e-05 15618.2
119700 3.87612 0.00150076 15519.4
119800 5.99762 4.27398e-05 15426.5
119900 -3.85244 640.384 15427.4
120000 3.82922 0.00162357 15566.9
120100 -0.422986 2.033 15697.4
120200 0.487336 0.441554 15691.2
120300 1.36763 0.100857 15602.2
120400 2.06571 0.0312725 15517.1
120500 3.03375 0.00616539 15480.6
120600 0.950689 0.202973 15488.7
120700 -3.21915 221.361 15474.3
120800 2.31323 0.0206468 15494.8
120900 3.62641 0.00228149 15598
121000 3.20824 0.00460093 15701.3
121100 0.971814 0.195907 15721.8
121200 1.51352 0.0789635 15692
121300 2.50132 0.01506 15650
121400 9.90936 6.04208e-08 15645.6
121500 4.28886 0.000750991 15693.3
121600 2.81042 0.00896708 15741.9
121700 -0.105221 1.19303 15735.7
121800 2.91528 0.00752078 15708.5
121900 3.16604 0.00493842 15634.4
122000 2.04287 0.0324942 15543.9
122100 0.872795 0.231304 15510.6
122200 2.86736 0.00815029 15500.5
122300 3.72525 0.00193293 15537.5
122400 -0.0197316 1.03365 15585.2
122500 8.74463 4.2626e-07 15571.2
122600 3.95157 0.00132234 15554.2
122700 -0.911178 4.61082 15576.3
122800 9.87733 6.37568e-08 15572.6
122900 1.97806 0.0362255 15566.9
123000 2.61159 0.012517 15593.8
123100 3.0858 0.00564995 15599.2
123200 -0.106478 1.19555 15572
123300 0.587244 0.373424 15531.9
123400 4.55906 0.000477303 15381.1
123500 -5.21654 6311.96 15228
123600 3.55526 0.00257068 15241.7
123700 -0.564544 2.57787 15293.5
123800 4.24663 0.000806122 15296
123900 4.25084 0.000800443 15287.8
124000 -2.12369 35.243 15337.9
124100 10.0148 5.06269e-08 15390.1
124200 0.713394 0.302206 15417
124300 8.3774 7.89226e-07 15397.8
124400 1.88293 0.0424932 15358.9
124500 5.56522 8.82723e-05 15318.7
124600 4.35683 0.000670072 15332.8
124700 -4.65643 2466.8 15392.6
124800 0.546708 0.399698 15449.9
124900 6.48772 1.87845e-05 15444.4
125000 1.95145 0.0378792 15449.5
125100 3.60389 0.00236932 15534.3
125200 3.10563 0.0054651 15641.7
125300 0.0871869 0.863944 15701.7
125400 1.54945 0.074345 15662.7
125500 7.08625 6.88303e-06 15573.5
125600 5.57241 8.72148e-05 15511.7
125700 4.14334 0.000958617 15465.4
125800 5.04829 0.000210089 15440.8
125900 1.13008 0.150229 15389.3
126000 1.48882 0.0823031 15324.6
126100 4.76853 0.000335894 15323.9
126200 8.61024 5.34045e-07 15323
126300 -1.36381 9.8517 15252.2
126400 -4.43056 1688.86 15149
126500 5.44486 0.000108021 15125.7
126600 0.541536 0.403181 15210.3
126700 10.0921 4.44695e-08 15315.6
126800 4.73689 0.000354203 15370.9
126900 4.33574 0.0006942 15441.4
127000 13.7118 1.02614e-10 15478.9
127100 0.808525 0.257633 15486.6
127200 9.25107 1.82281e-07 15436.9
127300 5.38646 0.000119138 15321.7
127400 4.2397 0.000815549 15195.4
127500 3.3311 0.00374412 15096.1
127600 -1.95443 26.5319 15063.2
127700 10.4176 2.57605e-08 15128
127800 3.22721 0.00445683 15223.3
127900 -4.67443 2542.44 15335.1
128000 7.79659 2.09077e-06 15407.5
128100 1.6887 0.0588588 15438.5
128200 4.19011 0.000886278 15420.4
128300 1.51463 0.0788164 15388.1
128400 8.36721 8.0282e-07 15353.7
128500 3.62685 0.00227981 15346.7
128600 3.28656 0.00403452 15395.4
128700 1.55031 0.074238 15495.6
128800 -0.750832 3.52346 15610.6
128900 -2.02942 30.0887 15665
129000 -3.63459 444.369 15747.4
129100 2.10584 0.0292366 15826.7
129200 2.74461 0.0100137 15751.4
129300 1.07915 0.163628 15570.8
129400 5.23218 0.000154327 15363.3
129500 1.01596 0.181924 15240.6
129600 1.18192 0.137717 15189.6
129700 -1.46062 11.5889 15196.6
129800 5.56743 8.7946e-05 15274.7
129900 5.79681 5.98574e-05 15370.2
130000 2.70269 0.0107431 15419.2
130100 5.69539 7.0958e-05 15465.1
130200 6.23561 2.86719e-05 15528.7
130300 -0.549546 2.51383 15592.9
130400 -0.741511 3.4688 15643.5
130500 0.740906 0.288577 15625.7
130600 2.87365 0.00806474 15531.3
130700 2.28554 0.0216283 15483.1
130800 10.2235 3.56721e-08 15492
130900 0.545631 0.400421 15517.9
131000 3.48174 0.00290811 15615.2
131100 3.58527 0.00244451 15694.3
131200 -3.68677 485.012 15680.6
131300 4.51565 0.000513358 15644
131400 -2.48941 65.0868 15676.4
131500 3.04263 0.00607425 15740
131600 -0.119455 1.22186 15840.4
131700 4.62499 0.000427332 15854.9
131800 2.97521 0.00680153 15848.6
131900 6.05192 3.90185e-05 15839
132000 4.30795 0.000727323 15756.9
132100 -1.25845 8.25578 15615.9
132200 3.01255 0.00638861 15544.5
132300 0.477754 0.448708 15500.2
132400 1.24413 0.124071 15463.3
132500 7.05524 7.25051e-06 15500
132600 -2.34643 51.208 15525.5
132700 -2.80841 111.143 15524.5
132800 1.53692 0.0759242 15542.7
132900 5.83074 5.65457e-05 15597.8
133000 4.54769 0.000486501 15606.5
133100 3.969 0.00128425 15587.3
133200 -1.71009 17.6105 15597.6
133300 4.72619 0.000360618 15640.6
133400 -1.23136 7.88903 15714.5
133500 -2.15849 37.3616 15754.8
133600 -2.48061 64.1333 15756.6
133700 0.0328886 0.946327 15774.8
133800 1.76011 0.0522143 15793.3
133900 -0.869549 4.29984 15791.5
134000 4.49857 0.000528277 15730.6
134100 3.67149 0.00211532 15632.3
134200 -0.384578 1.90616 15593.4
134300 -0.755193 3.54932 15637.1
134400 -0.393508 1.93493 15693.2
134500 -1.04773 5.79772 15688.5
134600 -1.39399 10.3633 15662.7
134700 -0.418469 2.01766 15666.8
134800 -0.423757 2.03564 15744.8
134900 0.96453 0.198315 15818.6
135000 6.01786 4.13127e-05 15809.9
135100 -0.648626 2.96834 15749.6
135200 -0.218886 1.44363 15681.9
135300 0.861285 0.235813 15645.7
135400 9.95298 5.61583e-08 15559.8
135500 3.2441 0.00433238 15523.3
135600 4.28955 0.000750127 15551.8
135700 0.576841 0.379997 15498.7
135800 0.818165 0.253501 15436.5
135900 0.447208 0.472298 15421.2
136000 -0.26442 1.55821 15449.7
136100 2.34681 0.0195159 15562.3
136200 6.31254 2.52009e-05 15667.2
136300 5.5199 9.52443e-05 15812
136400 4.38836 0.000635549 15952.3
136500 6.506 1.82171e-05 16032.2
136600 1.16324 0.142102 16000.7
136700 2.43931 0.0167109 15960.1
136800 4.54923 0.000485245 15853.1
136900 1.34602 0.10458 15699.8
137000 7.5992 2.9114e-06 15599.2
137100 5.42666 0.000111369 15566.3
137200 -1.58849 14.3611 15585.7
137300 1.44167 0.0890767 15621.8
137400 -0.304443 1.66641 15679
137500 -0.0373179 1.0646 15714
137600 3.09547 0.00555907 15717.8
137700 -2.81122 111.667 15745.3
137800 0.764604 0.277331 15781.3
137900 2.75004 0.00992289 15789.5
138000 2.43712 0.0167724 15802.6
138100 1.20949 0.131493 15844.7
138200 -0.154881 1.29667 15822.3
138300 2.71349 0.0105504 15792.4
138400 1.91889 0.0400052 15754.5
138500 -0.642399 2.93749 15738.4
138600 5.65033 7.65291e-05 15776.2
138700 1.36667 0.101019 15856.3
138800 -1.98112 27.747 15864.4
138900 -1.37552 10.0472 15893.1
139000 1.88447 0.0423834 15903.2
139100 0.541183 0.403419 15898.7
139200 3.09996 0.00551732 15836.2
139300 3.07321 0.00577052 15672.1
139400 5.43359 0.000110082 15511.1
139500 -1.31578 9.08923 15480.7
139600 -0.281513 1.60353 15555.1
139700 -2.2621 44.4532 15655.4
139800 1.07134 0.165785 15735.1
139900 -0.318167 1.70522 15803
140000 -4.01504 841.184 15811.4
140100 0.608205 0.360522 15771.2
140200 -3.06304 170.364 15695.6
140300 0.99782 0.187544 15681.3
140400 1.26151 0.120506 15673.9
140500 0.727156 0.29531 15690.4
140600 -1.48433 12.0589 15714.7
140700 3.03758 0.00612593 15725.3
140800 8.51701 6.24448e-07 15734.7
140900 -1.04353 5.75701 15781.9
141000 3.25273 0.00427012 15822.7
141100 1.64349 0.0634951 15813.8
141200 4.30417 0.000731945 15776.8
141300 5.38089 0.000120256 15702.9
141400 2.53454 0.0142438 15632.2
141500 -0.00393426 1.00662 15547.8
141600 -0.383645 1.90318 15534.5
141700 2.64046 0.0119253 15609.3
141800 -4.00484 826.911 15690.7
141900 -3.8126 598.992 15761.2
142000 0.734877 0.29151 15814.1
142100 0.348723 0.557135 15849.5
142200 3.57173 0.00250064 15881.9
142300 -2.04463 30.8661 15880.9
142400 5.40255 0.000115966 15892
142500 0.151364 0.775771 15901.4
142600 -2.91977 133.968 15863.7
142700 -4.69939 2651.15 15763.8
142800 7.35538 4.38255e-06 15636
142900 1.48794 0.0824245 15468.9
143000 2.66575 0.0114299 15377.1
143100 3.81824 0.00165375 15376
143200 4.93856 0.000252545 15453.1
143300 5.87882 5.21646e-05 15558
143400 1.04355 0.173695 15563.7
143500 8.80747 3.83621e-07 15508.5
143600 6.94756 8.68591e-06 15458.6
143700 5.90604 4.98365e-05 15426.6
143800 1.22412 0.128306 15386.7
143900 8.00291 1.47913e-06 15378.9
144000 8.10081 1.25512e-06 15422.4
144100 3.96241 0.00129851 15500.7
144200 7.70392 2.4424e-06 15590.6
144300 0.455785 0.465551 15606.4
144400 9.05186 2.54603e-07 15560.5
144500 -0.9617 5.01861 15496.7
144600 0.994326 0.188647 15492.3
144700 -1.01551 5.49264 15601.1
144800 1.35043 0.103809 15719.4
144900 2.76921 0.00960899 15797
145000 1.75624 0.0525538 15841.2
145100 1.85195 0.0447597 15810.5
145200 4.90508 0.000267132 15751.8
145300 6.50617 1.82121e-05 15670.2
145400 12.4905 7.95936e-10 15577.8
145500 0.632155 0.346326 15491.4
145600 4.97041 0.000239406 15378.4
145700 2.08743 0.0301539 15327.4
145800 5.28156 0.00014206 15397.2
145900 5.33153 0.000130637 15487.9
146000 -1.21313 7.65152 15578
146100 5.95869 4.56238e-05 15598
146200 0.365655 0.541535 15639.1
146300 6.92817 8.97305e-06 15667.2
146400 0.553419 0.395224 15631.6
146500 -0.428971 2.05352 15547
146600 0.385407 0.523886 15523.2
146700 -0.262141 1.55226 15509.1
146800 3.76504 0.00180813 15499.7
146900 3.43219 0.00316012 15502
147000 -3.72633 518.285 15511.2
147100 8.86422 3.48787e-07 15537.8
147200 8.24717 9.81897e-07 15485.7
147300 2.56455 0.0135445 15403.2
147400 8.52415 6.1701e-07 15343.8
147500 6.30935 2.5336e-05 15347.9
147600 -2.25259 43.75 15360.3
147700 2.16604 0.0264286 15448.8
147800 2.39753 0.017924 15581.1
147900 -0.553892 2.53222 15705.4
148000 -1.89988 24.2123 15734
148100 2.89875 0.00773226 15664.6
148200 7.6959 2.47547e-06 15591.7
148300 -1.27313 8.46164 15507.2
148400 8.88438 3.37187e-07 15421.9
148500 2.86704 0.00815469 15408.7
148600 3.80398 0.0016938 15467.3
148700 2.01551 0.0340199 15488.6
148800 4.32827 0.000702951 15477.2
148900 0.91254 0.216386 15498.2
149000 2.35105 0.0193776 15602.1
149100 -0.551229 2.52093 15702
149200 -0.0210895 1.03601 15757.9
149300 5.61935 8.06114e-05 15725.8
149400 6.15057 3.30681e-05 15646.8
149500 2.93273 0.00730392 15551.4
149600 -1.72292 17.9936 15430.1
149700 -1.2609 8.28985 15326.9
149800 4.1923 0.000883034 15282.1
149900 4.40384 0.00061926 15346.2
150000 2.76833 0.00962309 15509.9
150100 1.03645 0.175776 15655.3
150200 5.02843 0.000217206 15756.3
150300 -4.5581 2091.73 15921.5
150400 2.70136 0.0107672 15991.5
150500 -0.139443 1.26352 15930.7
150600 2.65471 0.0116436 15757.1
150700 2.05178 0.0320121 15578.6
150800 1.97697 0.0362918 15495.5
150900 3.3555 0.00359397 15455.8
151000 -0.843629 4.1169 15433.9
151100 3.1885 0.00475585 15386.1
151200 1.87877 0.0427905 15384.8
151300 1.58418 0.0701369 15465.4
151400 3.61612 0.00232121 15594
151500 4.62527 0.000427137 15668.3
151600 10.2574 3.36989e-08 15681.3
151700 2.31375 0.0206286 15617.7
151800 5.70245 7.01229e-05 15474.7
151900 0.598949 0.366163 15335.8
152000 14.3695 3.40432e-11 15302.3
152100 3.66305 0.00214548 15329.5
152200 7.60957 2.86121e-06 15394.9
152300 2.53235 0.0142962 15407.6
152400 1.85764 0.0443342 15368.6
152500 2.96897 0.00687309 15332.7
152600 6.9722 8.33417e-06 15309.2
152700 6.51926 1.78165e-05 15324.8
152800 2.7127 0.0105643 15341.7
152900 2.47645 0.0157018 15346.8
153000 8.07859 1.3028e-06 15378.8
153100 5.95446 4.59485e-05 15435.1
153200 1.9206 0.0398911 15474.4
153300 1.55588 0.0735476 15458.9
153400 0.695143 0.311601 15430.9
153500 3.32329 0.0037935 15425
153600 5.15394 0.000175969 15403.5
153700 -1.75477 18.981 15425.5
153800 -1.02537 5.58426 15508.1
153900 5.47486 0.00010272 15588.7
154000 0.0988166 0.847254 15645
154100 2.3763 0.018574 15628.8
154200 1.56032 0.0730009 15603.8
154300 1.22134 0.128906 15654.4
154400 0.740746 0.288655 15747.3
154500 -1.58273 14.2231 15806.2
154600 7.88927 1.78975e-06 15817.6
154700 0.259452 0.647133 15821.7
154800 -1.71506 17.7581 15753.1
154900 3.85037 0.00156698 15612.3
155000 6.09541 3.62739e-05 15420.4
155100 0.7485 0.284924 15301.2
155200 1.02815 0.178241 15318.2
155300 1.18903 0.136086 15421.4
155400 4.27316 0.000771029 15557.4
155500 -1.16566 7.06582 15678.2
155600 6.30739 2.54196e-05 15750.1
155700 -2.65218 85.5212 15758.9
155800 4.52135 0.000508474 15739.1
155900 0.180143 0.739212 15735.3
156000 5.4624 0.000104889 15696.4
156100 2.07183 0.0309529 15654.4
156200 4.37387 0.000651182 15619.3
156300 6.06196 3.83673e-05 15618.4
156400 8.04314 1.38262e-06 15603.4
156500 5.99464 4.29539e-05 15582.4
156600 4.24574 0.000807323 15588.6
156700 2.90366 0.0076688 15613.8
156800 -1.26956 8.41115 15673.1
156900 2.88851 0.00786623 15739.2
157000 0.372114 0.535699 15790.6
157100 -2.58249 76.0857 15770.2
157200 4.02467 0.00116976 15768.5
157300 0.713505 0.30215 15727.6
157400 3.81029 0.00167596 15669.1
157500 2.0104 0.0343129 15674.9
157600 -5.20743 6216.24 15787.2
157700 0.0203429 0.966452 15988.5
157800 2.31102 0.0207234 16136.1
157900 3.75234 0.00184704 16153
158000 -2.82434 114.153 16062.3
158100 0.258357 0.648322 15841.8
158200 5.34634 0.000127431 15632.9
158300 5.40829 0.000114854 15529.6
158400 1.4434 0.0888189 15479.4
158500 3.75667 0.00183368 15490.1
158600 -3.78821 574.979 15522.1
158700 0.79299 0.264435 15563
158800 5.90611 4.983e-05 15586.8
158900 9.68913 8.7423e-08 15621.6
159000 5.57203 8.72695e-05 15673
159100 -1.47774 11.9265 15721
159200 3.88331 0.00148276 15750.9
159300 -1.45568 11.4932 15795.8
159400 6.15087 3.30513e-05 15846.3
159500 2.4779 0.0156634 15805.1
159600 3.77965 0.00176436 15673.8
159700 7.42767 3.88208e-06 15542.8
159800 4.4093 0.000613618 15464.1
159900 0.438871 0.478949 15466.7
160000 -1.96471 26.9934 15516.6
160100 0.577557 0.379541 15620.3
160200 1.52936 0.0768928 15679.3
160300 4.63074 0.000423236 15693.8
160400 -1.13796 6.74504 15747.3
160500 3.54157 0.00263043 15790.6
160600 -0.459738 2.16228 15802.9
160700 4.55643 0.000479417 15792.3
160800 3.18849 0.00475593 15750.9
160900 -4.18603 1120.61 15725.5
161000 0.952498 0.202358 15730.7
161100 0.735636 0.291139 15774.9
161200 2.00297 0.0347431 15836.2
161300 3.42983 0.00317264 15857.8
161400 0.831727 0.247799 15746.5
161500 -1.49991 12.3784 15644.7
161600 -1.27979 8.5567 15598.5
161700 11.0832 8.43396e-09 15586.8
161800 6.81609 1.0829e-05 15563.1
161900 2.23606 0.0235 15504.2
162000 -7.29259 205370 15493.5
162100 11.4197 4.7963e-09 15566.8
162200 -3.35073 276.027 15625.4
162300 4.00242 0.00121423 15625.1
162400 0.968755 0.196914 15621.9
162500 -1.0055 5.40117 15658.4
162600 -2.24883 43.4746 15742.7
162700 1.72288 0.055579 15821.4
162800 0.824626 0.250769 15875.3
162900 -1.48576 12.088 15882.4
163000 3.29094 0.00400499 15811.3
163100 2.30536 0.0209209 15724.5
163200 9.91464 5.98889e-08 15643.5
163300 2.70261 0.0107447 15632.8
163400 1.87679 0.0429325 15689.8
163500 0.332319 0.572678 15755.2
163600 4.41189 0.000610953 15801.1
163700 -0.789031 3.75661 15836.3
163800 3.11086 0.00541736 15787.9
163900 3.66405 0.00214191 15699.6
164000 1.8451 0.0452765 15617.8
164100 1.27359 0.118089 15542.1
164200 2.52293 0.0145241 15453.5
164300 6.92824 8.97192e-06 15404
164400 1.81812 0.0473731 15467.3
164500 1.05491 0.170418 15532.6
164600 -2.51223 67.6267 15544.6
164700 7.19764 5.71002e-06 15546.8
164800 7.48298 3.53807e-06 15601.1
164900 4.35018 0.000677585 15727.5
165000 -0.121013 1.22506 15872.7
165100 7.83397 1.96372e-06 15973.1
165200 -2.46532 62.5097 15940.3
165300 2.7293 0.0102742 15819.7
165400 6.19778 3.05505e-05 15651.7
165500 -2.13127 35.6941 15529.6
165600 2.16365 0.0265349 15482.3
165700 3.25239 0.00427257 15515
165800 6.83924 1.04165e-05 15556.7
165900 7.00886 7.83708e-06 15573.3
166000 7.47104 3.60967e-06 15599.1
166100 1.32046 0.109161 15681
166200 10.2513 3.40453e-08 15744.6
166300 -0.436615 2.08002 15706.9
166400 -0.188531 1.37196 15580.8
166500 13.4292 1.64826e-10 15486.8
166600 -0.00436272 1.00734 15398.5
166700 5.50817 9.71377e-05 15297.9
166800 10.5879 1.93575e-08 15269
166900 4.43749 0.000585277 15303.8
167000 -0.799994 3.82633 15380.9
167100 1.44595 0.0884399 15505.9
167200 -1.24806 8.11317 15564.8
167300 -3.10023 181.328 15524.9
167400 0.712424 0.302698 15506.1
167500 6.15171 3.30047e-05 15561.2
167600 -0.931921 4.77408 15676.7
167700 0.664889 0.327822 15775
167800 3.08068 0.00569864 15801.4
167900 -2.01488 29.3637 15762.7
168000 1.13259 0.149598 15694.8
168100 -0.920347 4.68229 15656.2
168200 2.30946 0.0207776 15696.5
168300 1.05734 0.169724 15767
168400 -4.80326 3155.73 15819.9
168500 -0.628527 2.86993 15870.1
168600 0.777749 0.271283 15810.7
168700 3.57844 0.00247268 15669.7
168800 1.39882 0.0957159 15586.4
168900 1.7092 0.056869 15583.8
169000 -1.54141 13.2706 15600.3
169100 3.67055 0.00211866 15581.5
169200 7.11441 6.56551e-06 15551.9
169300 0.874337 0.230706 15526.3
169400 6.97678 8.27042e-06 15452.8
169500 4.45877 0.000564751 15418.6
169600 5.42988 0.000110769 15499.4
169700 9.13833 2.20228e-07 15644.7
169800 3.68676 0.00206184 15712.6
169900 1.35505 0.103007 15738.1
170000 -1.85923 22.616 15709.4
170100 4.98661 0.000232989 15675.4
170200 4.42997 0.000592705 15598.7
170300 4.85809 0.00028904 15508.3
170400 6.36331 2.31438e-05 15498.4
170500 5.05338 0.000208303 15544.4
170600 2.70818 0.0106447 15618.5
170700 3.6168 0.00231857 15694.3
170800 4.60867 0.000439195 15740.3
170900 0.675725 0.321918 15755.7
171000 0.365121 0.54202 15747.9
171100 2.7703 0.0095913 15781.3
171200 0.385542 0.523768 15782.1
171300 2.48563 0.0154616 15689.3
171400 0.366318 0.540933 15655.2
171500 2.02798 0.0333157 15696.1
171600 -3.39967 299.641 15723.5
171700 2.99287 0.00660302 15792.4
171800 1.58749 0.069749 15843.8
171900 0.67421 0.322737 15783.9
172000 -1.80803 20.755 15676.9
172100 -0.954726 4.96024 15530.6
172200 2.84263 0.00849556 15374.2
172300 -0.606185 2.76437 15317.1
172400 2.06716 0.0311968 15428.2
172500 0.165374 0.757753 15543.7
172600 2.42786 0.0170351 15603.6
172700 1.01514 0.182175 15672.3
172800 1.44881 0.0880163 15754.3
172900 -0.827702 4.00837 15801.2
173000 0.598421 0.366488 15824.3
173100 0.475724 0.450238 15804.1
173200 1.18365 0.137319 15785.7
173300 -1.48386 12.0495 15799.6
173400 -0.8396 4.08917 15850.3
173500 2.67863 0.0111856 15882
173600 0.542283 0.402676 15853
173700 -1.2291 7.85918 15800
173800 -0.595441 2.715 15726.2
173900 1.50273 0.080406 15709.2
174000 8.1116 1.23262e-06 15801.8
174100 -1.5939 14.492 15854.6
174200 0.645655 0.338572 15811
174300 -1.85649 22.5125 15709.9
174400 4.2614 0.000786395 15582.2
174500 4.06843 0.00108695 15497.1
174600 3.0121 0.00639343 15386.8
174700 6.77228 1.16548e-05 15260.6
174800 2.43863 0.01673 15243.1
174900 3.59323 0.00241209 15308.4
175000 0.671001 0.324479 15300
175100 11.9016 2.13735e-09 15271
175200 3.19433 0.00470954 15331.3
175300 8.39191 7.70247e-07 15435.7
175400 12.4291 8.8222e-10 15488.8
175500 -1.14431 6.81734 15476.8
175600 0.141328 0.788942 15477
175700 4.48388 0.000541459 15517.8
175800 -6.29076 38257.4 15513.4
175900 0.082961 0.87009 15486.1
176000 4.47213 0.000552239 15524.7
176100 -1.98551 27.9522 15642
176200 5.58238 8.57686e-05 15718.2
176300 2.24126 0.023296 15754
176400 -1.22063 7.74834 15766.1
176500 0.275303 0.630153 15781.8
176600 4.53476 0.000497163 15795.2
176700 0.756333 0.281205 15785.3
176800 3.96021 0.00130332 15736.3
176900 -2.36861 53.1485 15665.7
177000 11.8393 2.37263e-09 15577.8
177100 0.157067 0.768385 15460.2
177200 5.19474 0.000164329 15382.8
177300 2.36493 0.0189314 15371.9
177400 5.22764 0.000155507 15455.5
177500 1.20103 0.133374 15565
177600 0.814432 0.255093 15676.5
177700 -0.202106 1.40356 15813.4
177800 3.16311 0.00496275 15923.9
177900 0.808078 0.257827 15975
178000 5.11156 0.000188935 16022.8
178100 -2.91149 132.122 15973.5
178200 2.1336 0.0279066 15878.2
178300 0.372722 0.535153 15825.4
178400 3.5553 0.00257052 15822.8
178500 4.0505 0.00112015 15814.5
178600 0.589272 0.372156 15783.9
178700 -0.797115 3.8079 15736.2
178800 5.1914 0.000165253 15647.3
178900 2.31513 0.0205809 15499.3
179000 3.3831 0.00343133 15395.4
179100 1.24405 0.124087 15378.5
179200 -0.0140365 1.02382 15451.9
179300 9.24213 1.85037e-07 15546.7
179400 2.3749 0.0186176 15599.5
179500 1.40844 0.0941831 15603.2
179600 3.68233 0.00207721 15583
179700 0.713713 0.302045 15528.9
179800 2.48419 0.015499 15528.9
179900 2.31916 0.0204422 15612.9
180000 -0.301884 1.65927 15652
180100 3.66435 0.00214082 15720.2
180200 -1.02333 5.5652 15710.4
180300 12.2401 1.21146e-09 15674.6
180400 0.763933 0.277643 15690.4
180500 0.952857 0.202236 15699.8
180600 0.219379 0.692128 15704.6
180700 -0.557821 2.54896 15682
180800 1.85099 0.0448318 15651.2
180900 -1.32438 9.22119 15626.9
181000 4.88843 0.000274698 15621.5
181100 3.3125 0.00386275 15686.3
181200 2.48035 0.0155994 15760.3
181300 0.720356 0.298698 15864.9
181400 0.921632 0.213111 15952.5
181500 -1.76548 19.3253 15972.9
181600 4.73081 0.00035783 15915.2
181700 1.69333 0.0584035 15862.8
181800 2.38702 0.018243 15809.4
181900 -1.65131 15.957 15770.9
182000 -3.68591 484.312 15759.5
182100 -1.23149 7.89079 15770.8
182200 3.77345 0.00178279 15773.8
182300 0.18166 0.737333 15770.7
182400 0.221515 0.689652 15778.9
182500 0.725948 0.295909 15853.2
182600 2.3688 0.0188091 15931.5
182700 -1.88507 23.6181 15930.7
182800 0.302903 0.601645 15879.7
182900 1.3457 0.104635 15786
183000 2.13107 0.0280253 15730
183100 6.4324 2.06109e-05 15676.1
183200 -4.24882 1245.07 15610.5
183300 -1.00257 5.37473 15609.7
183400 1.86648 0.0436818 15655.2
183500 3.97875 0.0012634 15717.9
183600 2.66028 0.0115352 15743
183700 2.2183 0.0242105 15690.8
183800 6.72137 1.26938e-05 15648.1
183900 5.51029 9.67923e-05 15637.3
184000 1.59196 0.0692281 15651.7
184100 -2.04524 30.8978 15687.2
184200 2.48609 0.0154498 15691
184300 0.713273 0.302268 15662.4
184400 4.29469 0.000743677 15607.2
184500 0.645032 0.338926 15606.5
184600 2.31925 0.0204393 15591.6
184700 1.32617 0.10812 15495.5
184800 2.3929 0.0180638 15380
184900 6.05941 3.85313e-05 15351.5
185000 2.35165 0.0193579 15403.4
185100 2.2859 0.0216153 15493.3
185200 -0.0237967 1.04072 15599.7
185300 1.94602 0.0382258 15636.4
185400 -1.43101 11.0273 15604.6
185500 3.19749 0.00468472 15567.9
185600 -1.67626 16.6391 15561.3
185700 0.970615 0.196301 15526.7
185800 5.58041 8.60526e-05 15538.8
185900 1.73587 0.0543807 15588.1
186000 3.07388 0.00576402 15662.1
186100 -0.55644 2.54307 15700
186200 1.30634 0.111777 15676.4
186300 1.4855 0.0827636 15694.9
186400 0.0851784 0.86686 15839.8
186500 3.07891 0.00571561 15995.8
186600 -2.15552 37.1757 16035.9
186700 0.284009 0.621018 16032.7
186800 2.74004 0.0100907 15989
186900 1.24772 0.123327 15933.2
187000 0.568144 0.385581 15921.1
187100 1.10718 0.156111 15983.1
187200 -0.299218 1.65187 16010
187300 1.55589 0.0735466 15975.5
187400 -2.91637 133.207 15910.9
187500 -0.388939 1.92015 15828.1
187600 0.512817 0.423078 15757.1
187700 -2.06654 32.0216 15738.6
187800 -4.69706 2640.8 15742.2
187900 0.18315 0.735492 15804.7
188000 0.892621 0.223738 15915.5
188100 4.96559 0.00024135 16010.1
188200 8.98616 2.84265e-07 16011.8
188300 3.36001 0.00356688 15967.3
188400 3.07456 0.00575748 15905.8
188500 -0.992593 5.28552 15843.4
188600 1.63817 0.0640646 15852
188700 1.45973 0.0864198 15852.1
188800 4.4632 0.000560569 15777.4
188900 4.56805 0.000470164 15730.7
189000 -1.87303 23.1458 15665.1
189100 2.95127 0.00708018 15626.8
189200 0.441992 0.476449 15566.4
189300 1.03042 0.177563 15540.9
189400 -0.725146 3.37487 15544.6
189500 0.802687 0.260169 15514.2
189600 -1.45933 11.5638 15552.7
189700 4.2318 0.000826426 15633.7
189800 8.02854 1.4169e-06 15712.8
189900 1.74504 0.0535511 15807.5
190000 3.91232 0.00141233 15882.6
190100 -2.15788 37.3232 15926
190200 -0.372527 1.86801 15838.2
190300 1.3378 0.106031 15711.4
190400 -0.117272 1.21739 15658.9
190500 4.4215 0.000601182 15669.5
190600 6.47963 1.90411e-05 15759.5
190700 -1.38759 10.2527 15815.7
190800 0.0864266 0.865047 15818
190900 4.30776 0.00072755 15757.1
191000 2.22066 0.0241148 15668.8
191100 4.88617 0.000275742 15613.3
191200 -0.444793 2.10875 15632.9
191300 2.63722 0.0119902 15681.8
191400 1.02503 0.179177 15715.2
191500 -1.65115 15.9528 15766.4
191600 9.34878 1.54726e-07 15795.6
191700 2.2712 0.0221546 15745.3
191800 1.657 0.0620729 15641.4
191900 6.82135 1.07339e-05 15588.9
192000 0.494308 0.43642 15602.4
192100 5.89207 5.10177e-05 15624.6
192200 4.42258 0.0006001 15699.1
192300 0.609395 0.359804 15829.5
192400 -0.761888 3.58941 15896.9
192500 3.82953 0.00162274 15874.5
192600 7.19071 5.77679e-06 15794.8
192700 0.16579 0.757224 15686.6
192800 -0.465675 2.18392 15613.4
192900 4.1263 0.000986411 15624.7
193000 1.90179 0.0411697 15717.3
193100 -2.07036 32.2271 15858.6
193200 4.98841 0.000232285 15927.7
193300 3.3309 0.00374533 15868.1
193400 -2.3869 54.8049 15774.1
193500 0.411102 0.501786 15715.3
193600 2.86912 0.00812622 15651.7
193700 2.98205 0.00672395 15593.1
193800 -1.64711 15.8449 15555.7
193900 1.36661 0.10103 15530.5
194000 3.34839 0.00363707 15543.9
194100 5.67028 7.40099e-05 15601.7
194200 2.52103 0.0145704 15623.9
194300 5.11328 0.000188389 15625.2
194400 0.766233 0.276574 15644.2
194500 -0.668026 3.06652 15675.7
194600 1.10029 0.157926 15687.5
194700 9.9659 5.49546e-08 15674.4
194800 6.55433 1.67986e-05 15680.9
194900 1.00585 0.185036 15803.4
195000 4.73322 0.000356389 15897.9
195100 -0.636682 2.90946 15881.1
195200 -0.876169 4.34785 15800.7
195300 -2.38619 54.7393 15678.6
195400 1.49706 0.081174 15563.7
195500 6.93962 8.8023e-06 15536.2
195600 -0.197772 1.39339 15593
195700 8.59831 5.44837e-07 15672
195800 3.01014 0.00641443 15758.6
195900 4.70689 0.000372482 15826.1
196000 2.80163 0.00910037 15832.3
196100 9.05112 2.54921e-07 15758.8
196200 9.3772 1.47523e-07 15678.4
196300 3.66554 0.00213654 15636.8
196400 6.54918 1.69445e-05 15666.9
196500 8.36809 8.01637e-07 15758.7
196600 3.31792 0.0038278 15815.8
196700 3.47087 0.00296158 15786.3
196800 1.3806 0.0986857 15683.2
196900 11.6381 3.32513e-09 15534.4
197000 -0.0670884 1.11911 15444.9
197100 0.59766 0.366956 15456.3
197200 1.55133 0.0741111 15550.7
197300 1.10768 0.155983 15647.8
197400 2.71863 0.0104597 15725.2
197500 1.46665 0.0854219 15764.9
197600 -0.00915397 1.01547 15731.3
197700 5.87031 5.29146e-05 15659.8
197800 3.30338 0.00392233 15594.3
197900 7.28964 4.89346e-06 15485.9
198000 -4.86151 3479.63 15391.6
198100 6.22802 2.90392e-05 15367.1
198200 3.74659 0.00186496 15337.5
198300 1.16937 0.140647 15266.6
198400 6.55583 1.67564e-05 15240.5
198500 1.66665 0.0610758 15288.6
198600 -3.08246 176.003 15348.2
198700 1.34558 0.104657 15394.2
198800 -0.387722 1.91624 15440.8
198900 5.86166 5.36873e-05 15499.7
199000 4.94576 0.000249512 15517.1
199100 3.69897 0.00202003 15509
199200 -2.86738 122.699 15493.9
199300 0.942966 0.20562 15475.2
199400 2.33965 0.0197517 15440.8
199500 2.96141 0.00696076 15389.2
199600 -0.953657 4.95135 15412.3
199700 1.86141 0.0440547 15508.2
199800 -0.565993 2.58414 15593.9
199900 12.0019 1.80628e-09 15603.2
200000 0.781152 0.269739 15577
200100 3.09118 0.00559923 15568.4
200200 -1.50743 12.5355 15572.5
200300 1.3011 0.112764 15575.8
200400 0.118756 0.819385 15617.1
200500 5.35955 0.00012464 15664.1
200600 2.58474 0.0130936 15679.4
200700 -1.39509 10.3824 15688.6
200800 3.51906 0.00273162 15697.1
200900 -3.17385 205.164 15741.6
201000 -5.81935 17350.1 15832
201100 10.2404 3.4676e-08 15929.9
201200 3.11398 0.0053891 15985
201300 -6.65438 70406.2 15976
201400 6.17123 3.19417e-05 15930.1
201500 0.938903 0.207025 15895.2
201600 -0.314443 1.6946 15877.6
201700 2.29424 0.0213149 15884.5
201800 5.32302 0.000132516 15969.1
201900 -2.16336 37.6677 16065.7
202000 -0.211564 1.42601 16065.9
202100 2.16825 0.0263308 15962.8
202200 1.27231 0.118344 15847.9
202300 1.61397 0.0667192 15748.8
202400 0.37782 0.530596 15791.7
202500 1.55114 0.0741346 15890.2
202600 2.21375 0.0243959 15986.4
202700 -3.07071 172.569 16070.1
202800 -1.83323 21.6512 16047.7
202900 1.07069 0.165965 15970.2
203000 0.468877 0.45544 15912.1
203100 0.72211 0.29782 15825.8
203200 3.85333 0.00155923 15786.3
203300 1.80986 0.0480333 15779.8
203400 0.674418 0.322624 15742.2
203500 -0.679509 3.12616 15713.1
203600 0.789471 0.266001 15735.2
203700 2.6472 0.0117911 15843.9
203800 -1.1213 6.55921 15946.7
203900 1.46046 0.086314 15904.1
204000 -0.943475 4.86751 15791.9
204100 0.348795 0.557068 15734.4
204200 3.35133 0.00361917 15778.9
204300 4.12034 0.000996319 15819.9
204400 3.74138 0.00188132 15785.4
204500 5.01781 0.00022111 15738
204600 1.46163 0.0861449 15740.8
204700 -4.04842 889.628 15691.7
204800 2.08807 0.0301213 15641.1
204900 -1.91046 24.6455 15572.4
205000 -2.71923 95.7001 15530.7
205100 5.14688 0.000178066 15561.1
205200 4.46657 0.000557409 15617.8
205300 0.0924921 0.85629 15653.9
205400 2.39011 0.0181485 15638.8
205500 -0.480529 2.23902 15602.3
205600 -1.22355 7.78644 15586.8
205700 -2.70626 93.6405 15599
205800 0.178628 0.741092 15612.8
205900 1.69506 0.0582335 15624.8
206000 6.88836 9.59273e-06 15643.1
206100 1.97318 0.0365232 15678.3
206200 -3.29574 251.705 15652.2
206300 7.01492 7.7579e-06 15510.7
206400 -1.53734 13.1804 15344.9
206500 -3.77491 562.294 15217.1
206600 -0.859677 4.22922 15199.7
206700 4.24423 0.000809366 15291.3
206800 3.32721 0.00376861 15444.5
206900 0.355078 0.551228 15634.2
207000 5.48947 0.000100232 15770.7
207100 1.63388 0.0645275 15801.1
207200 0.0378805 0.938436 15728.4
207300 1.24901 0.123061 15611.5
207400 4.26443 0.000782404 15506.9
207500 1.54131 0.0753673 15439.3
207600 1.73661 0.0543131 15484.7
207700 -3.72436 516.577 15580.4
207800 3.00193 0.00650345 15668.8
207900 3.32899 0.00375734 15695
208000 3.49879 0.00282611 15671.6
208100 3.22998 0.00443621 15643.6
208200 1.08944 0.160827 15579.3
208300 3.35657 0.00358748 15524
208400 -1.01087 5.45005 15498.7
208500 -4.21161 1169.75 15528.3
208600 -4.02344 853.122 15582
208700 -2.34128 50.7674 15595.1
208800 2.16967 0.0262681 15598
208900 -1.43528 11.1066 15554.4
209000 -1.79685 20.3692 15434.9
209100 1.78066 0.0504446 15402.4
209200 -2.93793 138.114 15465.7
209300 0.547016 0.399492 15540.6
209400 5.01885 0.000220723 15582.5
209500 8.05982 1.34447e-06 15568.7
209600 6.6251 1.49183e-05 15526.3
209700 1.27287 0.118233 15503.8
209800 9.20146 1.98099e-07 15495.9
209900 5.27684 0.000143188 15536.1
210000 -0.785324 3.73333 15620.5
210100 -0.0560493 1.09858 15663.1
210200 1.06965 0.166256 15648.1
210300 2.92018 0.00745926 15666.5
210400 0.135656 0.796483 15736.4
210500 4.33922 0.000690162 15766.4
210600 4.98238 0.000234647 15777.2
210700 3.21768 0.00452871 15746.1
210800 2.10028 0.0295109 15605.2
210900 1.73152 0.0547788 15398.9
211000 4.37511 0.000649829 15238.7
211100 7.6984 2.46512e-06 15125.1
211200 1.92259 0.0397578 15115.7
211300 1.60762 0.067433 15262.3
211400 3.01902 0.00631964 15482.7
211500 -0.773998 3.66307 15651.2
211600 -0.593309 2.7053 15781.2
211700 0.343384 0.562147 15795.8
211800 -1.45458 11.4719 15716.9
211900 9.11785 2.27926e-07 15629.8
212000 2.86023 0.00824834 15529.4
212100 4.84305 0.000296424 15473.6
212200 1.54645 0.0747195 15440.8
212300 0.191543 0.72521 15416.6
212400 -1.15287 6.91589 15428.7
212500 0.463128 0.459853 15443.9
212600 4.1085 0.0010163 15420.7
212700 1.84298 0.0454381 15424.6
212800 2.57573 0.0132929 15471.5
212900 8.95219 3.00936e-07 15570.3
213000 -0.495906 2.29752 15655.1
213100 -0.215243 1.43483 15671.8
213200 7.26094 5.13477e-06 15680.3
213300 8.20104 1.0609e-06 15651.7
213400 7.41502 3.96529e-06 15542.8
213500 7.57546 3.0297e-06 15451
213600 5.57994 8.61195e-05 15428.3
213700 2.42814 0.017027 15401.5
213800 4.84879 0.000293585 15390
213900 9.2547 1.81175e-07 15406.4
214000 5.41713 0.000113164 15470.9
214100 2.16318 0.0265557 15526.3
214200 0.437466 0.480079 15539.8
214300 -1.04426 5.76402 15508.4
214400 7.1458 6.22869e-06 15463.4
214500 3.87173 0.00151184 15372.8
214600 3.99463 0.00123021 15282.1
214700 -7.06016 139064 15190.7
214800 2.90228 0.00768657 15197.3
214900 -1.96718 27.1058 15316
215000 -2.93254 136.871 15426.7
215100 -0.0498678 1.08725 15515.4
215200 4.05652 0.0011089 15522.4
215300 14.1478 4.93834e-11 15455.9
215400 9.71971 8.30513e-08 15338.6
215500 2.59199 0.0129352 15293.6
215600 5.17863 0.00016883 15353.8
215700 9.7414 8.00847e-08 15481.1
215800 1.27811 0.117198 15579.7
215900 4.11539 0.00100462 15592.2
216000 5.08375 0.000197957 15524.8
216100 -1.20749 7.57942 15389.4
216200 2.76186 0.00972814 15268.9
216300 7.20898 5.60241e-06 15246.3
216400 7.48196 3.54412e-06 15266.5
216500 4.52041 0.000509274 15276.1
216600 9.77197 7.60807e-08 15285.3
216700 7.64362 2.70236e-06 15302.8
216800 1.33011 0.107407 15430.9
216900 -1.78469 19.9579 15617.4
217000 -1.89891 24.1726 15727.8
217100 0.322287 0.582397 15708.8
217200 3.89037 0.00146532 15637.6
217300 4.72413 0.000361867 15595.2
217400 0.669031 0.325553 15554.1
217500 0.553986 0.394848 15525.4
217600 0.866831 0.233629 15493.4
217700 -1.27838 8.53652 15530
217800 -2.85492 120.161 15547.6
217900 6.29919 2.57716e-05 15535.1
218000 2.26024 0.0225657 15510.2
218100 4.31496 0.00071882 15470.3
218200 1.38143 0.0985489 15460
218300 -0.390466 1.92508 15497.3
218400 1.79226 0.0494729 15593.6
218500 1.99726 0.0350774 15712.5
218600 2.13466 0.0278569 15752.1
218700 4.48805 0.000537684 15705.8
218800 6.82816 1.0612e-05 15639.9
218900 -4.48509 1850.63 15558.2
219000 -1.15524 6.94337 15452
219100 -0.744548 3.48652 15416.5
219200 -2.03945 30.599 15436.2
219300 0.184683 0.733604 15505.9
219400 3.54567 0.00261238 15587.6
219500 -3.76087 549.206 15684.5
219600 2.17462 0.0260509 15743.9
219700 5.53031 9.35957e-05 15719.8
219800 0.0932663 0.855179 15692.1
219900 0.570095 0.384322 15671.1
220000 -2.60933 79.5888 15720
220100 -2.96779 145.206 15765.5
220200 -1.29626 8.79633 15757.3
220300 3.0874 0.00563478 15779.5
220400 6.8666 9.94926e-06 15842.3
220500 -1.28242 8.59453 15896.7
220600 -0.0553537 1.0973 15916.1
220700 2.93572 0.00726728 15875.9
220800 0.157417 0.767934 15799.4
220900 -0.838718 4.08313 15752.9
221000 6.11438 3.51374e-05 15814.4
221100 4.1008 0.00102951 15860
221200 0.15958 0.765154 15819.6
221300 2.17565 0.026006 15750.4
221400 -2.66601 87.5278 15715.3
221500 3.18659 0.00477111 15696.4
221600 -0.427649 2.04897 15624.3
221700 -1.05953 5.91361 15560.2
221800 2.57562 0.0132955 15565.7
221900 5.34389 0.000127957 15538.4
222000 2.36956 0.018785 15521.6
222100 -2.42735 58.6526 15559.9
222200 8.83889 3.63926e-07 15652
222300 1.50625 0.079932 15712.5
222400 -0.911378 4.61237 15766.3
222500 3.01616 0.00635005 15813.1
222600 2.27947 0.0218495 15815.3
222700 4.90317 0.000267992 15804.7
222800 -0.614346 2.80247 15722.3
222900 4.43421 0.000588508 15638.8
223000 1.83088 0.0463692 15598.1
223100 6.64838 1.4347e-05 15563.6
223200 -1.63475 15.52 15570.4
223300 1.0221 0.180059 15569.8
223400 0.553075 0.395452 15609.6
223500 2.81602 0.00888333 15663.3
223600 3.05427 0.00595678 15684.7
223700 3.55268 0.00258182 15602.2
223800 4.2658 0.000780611 15455.4
223900 -0.0266648 1.04574 15415.7
224000 2.97673 0.00678416 15481.1
224100 -0.655868 3.00462 15580.5
224200 3.85794 0.00154723 15684.8
224300 2.16095 0.0266553 15721.1
224400 2.2518 0.0228874 15676.4
224500 2.27955 0.0218467 15601.9
224600 2.04413 0.0324251 15542.2
224700 3.85192 0.00156292 15449.4
224800 4.19155 0.000884138 15355.4
224900 3.47699 0.00293136 15363.1
225000 2.45425 0.0162973 15464.8
225100 6.55311 1.68332e-05 15567.1
225200 -0.518585 2.38661 15615
225300 2.7728 0.00955122 15615.9
225400 -1.20129 7.501 15616
225500 0.61865 0.354261 15570
225600 0.981156 0.192861 15529
225700 -4.23858 1223.87 15579.3
225800 -1.66153 16.2331 15700.8
225900 10.39 2.69808e-08 15785.3
226000 0.361328 0.545479 15799
226100 0.315447 0.589117 15748.3
226200 2.98634 0.0066757 15649.6
226300 3.79736 0.00171272 15536
226400 -0.0176571 1.03006 15469.7
226500 0.557742 0.392368 15469.6
226600 5.60323 8.28203e-05 15585.5
226700 -2.70067 92.7665 15691
226800 -1.03607 5.68539 15682.5
226900 1.01377 0.182594 15642.1
227000 2.0612 0.0315098 15586.3
227100 0.195791 0.720061 15555.8
227200 -2.30013 47.3811 15587.4
227300 -0.280337 1.60037 15648.8
227400 3.89654 0.00145021 15673
227500 2.11888 0.0286043 15659.5
227600 0.210291 0.702759 15618.5
227700 3.21026 0.00458541 15608.5
227800 2.1414 0.027544 15632.8
227900 1.46533 0.0856115 15620.3
228000 5.09518 0.000194196 15627.5
228100 2.29782 0.0211874 15661.4
228200 6.42192 2.09765e-05 15692.4
228300 0.603033 0.363664 15608.3
228400 3.63766 0.00223885 15546.7
228500 7.60019 2.9066e-06 15587.4
228600 5.92448 4.83182e-05 15650.2
228700 1.3332 0.106852 15749.8
228800 -0.88719 4.42898 15857.4
228900 1.23855 0.125239 15896.2
229000 1.95646 0.037562 15886.7
229100 3.34481 0.003659 15836.9
229200 4.07418 0.00107653 15753.1
229300 2.05833 0.0316621 15633.1
229400 0.615506 0.356134 15530.5
229500 1.00797 0.184379 15475.2
229600 -0.241593 1.49967 15453.8
229700 5.18044 0.000168318 15492.9
229800 3.84369 0.00158465 15595.1
229900 3.34051 0.00368549 15700.6
230000 1.83706 0.0458914 15715.5
230100 -1.02371 5.56872 15696.3
230200 1.07106 0.165864 15643.5
230300 -0.655951 3.00504 15609.3
230400 1.70491 0.0572799 15678.7
230500 0.820741 0.252408 15740.1
230600 -2.62179 81.2699 15761
230700 0.952906 0.202219 15799.9
230800 10.2046 3.68246e-08 15837.8
230900 2.63953 0.011944 15864.8
231000 3.20771 0.00460505 15871.3
231100 2.00083 0.034868 15864.1
231200 2.5534 0.0138003 15840.8
231300 13.2757 2.13232e-10 15776
231400 1.76675 0.051636 15730.7
231500 0.595957 0.368006 15666.2
231600 5.66372 7.48292e-05 15580.7
231700 -1.50795 12.5464 15549.3
231800 4.15554 0.000939192 15577.5
231900 4.29845 0.000739005 15640.5
232000 2.0793 0.0305675 15731.7
232100 5.30656 0.000136225 15813
232200 7.04578 7.36649e-06 15867.5
232300 1.28288 0.116263 15890.2
232400 -5.05053 4777.86 15879.2
232500 0.798502 0.262001 15894.7
232600 3.61709 0.00231744 15904.4
232700 0.916002 0.215133 15883.4
232800 1.73062 0.0548622 15813.4
232900 2.34742 0.0194958 15709.2
233000 2.2895 0.021485 15619.6
233100 -0.885306 4.41501 15543.8
233200 -2.03489 30.3656 15549.6
233300 -1.11458 6.48563 15607.1
233400 6.00513 4.22044e-05 15704.7
233500 0.592415 0.370199 15840.1
233600 0.504949 0.428699 15952.4
233700 16.8037 5.73811e-13 16016.5
233800 0.19971 0.715343 15999.4
233900 1.41965 0.0924289 15909.1
234000 2.02515 0.0334743 15903.7
234100 -1.4851 12.0746 15913.4
234200 -0.52874 2.42761 15883.1
234300 5.75922 6.37532e-05 15854.8
234400 2.30377 0.020977 15763.7
234500 0.0179693 0.970308 15654.9
234600 1.52825 0.0770355 15580.7
234700 6.46479 1.95211e-05 15564.8
234800 0.369392 0.53815 15511.6
234900 7.29284 4.86722e-06 15454.2
235000 -0.0159149 1.02706 15434.5
235100 1.22117 0.128944 15446.9
235200 2.13672 0.0277609 15501.9
235300 4.14361 0.000958175 15562.5
235400 3.73531 0.00190059 15587.5
235500 8.30749 8.87419e-07 15604.6
235600 7.13814 6.30925e-06 15611.7
235700 -2.0821 32.8681 15649.8
235800 5.44008 0.000108891 15687.2
235900 6.0634 3.82745e-05 15604.4
236000 7.01605 7.74314e-06 15479.8
236100 8.13635 1.1825e-06 15359.9
236200 15.3774 6.2774e-12 15333.3
236300 6.71272 1.28793e-05 15392.6
236400 3.7929 0.00172557 15472.8
236500 7.62087 2.80749e-06 15569.6
236600 3.97003 0.00128202 15632.8
236700 0.344945 0.560677 15719.8
236800 4.27831 0.000764396 15785.1
236900 0.746791 0.285743 15785.2
237000 0.959139 0.200116 15706.5
237100 5.21873 0.000157848 15576.3
237200 0.307746 0.596776 15465.6
237300 1.66667 0.0610743 15383.5
237400 7.70146 2.45249e-06 15386.4
237500 2.11718 0.028686 15471.4
237600 4.05143 0.0011184 15545.7
237700 5.01665 0.000221539 15543.4
237800 0.790903 0.265362 15549.1
237900 0.496891 0.434533 15614.7
238000 3.61998 0.00230621 15684.5
238100 6.60755 1.53641e-05 15750.6
238200 1.35884 0.102354 15845.3
238300 1.26797 0.119208 15923.6
238400 3.25743 0.00423657 15900.4
238500 5.22022 0.000157455 15761.3
238600 0.0450227 0.92726 15669.4
238700 6.54304 1.71197e-05 15697
238800 2.96733 0.00689199 15720.1
238900 -1.15182 6.90366 15675.2
239000 0.766326 0.276531 15661.1
239100 1.17887 0.138423 15687.8
239200 1.24718 0.123438 15726.6
239300 3.46785 0.00297662 15766.7
239400 -3.14764 196.34 15777.1
239500 1.82345 0.0469512 15711
239600 1.33599 0.106353 15685
239700 2.92646 0.00738105 15698
239800 -3.08249 176.013 15668.3
239900 5.28487 0.000141273 15554.6
240000 1.89826 0.0414143 15429.4
240100 2.70025 0.0107872 15359.7
240200 0.866678 0.233689 15458.7
240300 14.0359 5.95723e-11 15579.8
240400 4.37276 0.000652396 15653.2
240500 2.14542 0.0273586 15636.6
240600 -1.13291 6.68815 15630.3
240700 1.69794 0.0579533 15642.1
240800 4.33597 0.000693928 15656.1
240900 4.17167 0.000914129 15660.5
241000 2.08833 0.0301084 15681.9
241100 0.225468 0.685095 15706.1
241200 6.47494 1.91916e-05 15759.3
241300 1.6485 0.0629642 15874.5
241400 0.637847 0.343035 15918.4
241500 -3.24264 230.255 15876.9
241600 1.89299 0.0417815 15768.5
241700 1.01518 0.182163 15613.1
241800 2.98654 0.00667354 15529.4
241900 1.06211 0.168371 15484.2
242000 4.7438 0.000350123 15477.4
242100 0.779505 0.270485 15499.3
242200 5.75795 6.38894e-05 15568
242300 -3.82791 614.575 15641.8
242400 1.618 0.0662691 15697.5
242500 5.20733 0.000160895 15715.4
242600 7.36809 4.29006e-06 15721.6
242700 0.505083 0.428603 15750.3
242800 -0.518275 2.38537 15796.1
242900 1.65055 0.0627477 15770.5
243000 6.11945 3.48401e-05 15698.2
243100 5.35328 0.000125958 15632.1
243200 -0.594734 2.71178 15571.5
243300 1.81049 0.0479826 15566.6
243400 1.15572 0.143906 15515.3
243500 1.33693 0.106186 15445.6
243600 4.28044 0.000761671 15373.4
243700 -2.72062 95.924 15352.9
243800 3.22741 0.00445537 15373.3
243900 -0.809398 3.88717 15426.1
244000 1.32319 0.108662 15478.7
244100 -1.86574 22.8644 15475.4
244200 -3.31218 258.745 15480.9
244300 -1.03832 5.70691 15532.2
244400 5.02441 0.000218675 15558.4
244500 4.67692 0.000391688 15578.9
244600 0.721264 0.298243 15610.2
244700 5.00873 0.000224503 15628.1
244800 2.06216 0.0314594 15662.2
244900 -4.789 3081.11 15689.5
245000 3.35402 0.00360289 15662.1
245100 0.978637 0.193677 15571.1
245200 4.62449 0.000427691 15483.5
245300 8.0452 1.37784e-06 15401.9
245400 11.9379 2.01108e-09 15332.8
245500 -0.253888 1.53092 15334.1
245600 3.96864 0.00128502 15456.7
245700 6.06012 3.84855e-05 15639.2
245800 0.502812 0.430239 15781.6
245900 -1.91456 24.8156 15841.1
246000 -0.954732 4.96029 15804.9
246100 1.02357 0.179616 15747.5
246200 3.74893 0.00185764 15636.8
246300 5.99315 4.30609e-05 15554.9
246400 4.59063 0.000452687 15502.2
246500 -0.314113 1.69366 15491.7
246600 -0.61073 2.78553 15510.6
246700 5.74244 6.55729e-05 15508.6
246800 1.47854 0.0837356 15535.7
246900 4.52902 0.000501973 15583
247000 5.59869 8.34539e-05 15601.2
247100 1.33966 0.105701 15532.8
247200 0.594868 0.368679 15494.3
247300 1.29657 0.113623 15471.5
247400 10.3373 2.9472e-08 15501.9
247500 1.39091 0.0969932 15556.9
247600 0.61683 0.355344 15590.1
247700 2.36104 0.0190556 15639
247800 3.33704 0.00370695 15698.2
247900 -2.59844 78.1489 15732.2
248000 4.67518 0.00039283 15752.8
248100 3.54281 0.00262496 15742.8
248200 2.61643 0.0124157 15691.9
248300 2.88345 0.00793329 15657.8
248400 3.32794 0.00376398 15609.3
248500 1.79935 0.0488876 15510.7
248600 2.76102 0.00974188 15449.5
248700 3.36301 0.00354898 15449.9
248800 2.3004 0.0210957 15420.4
248900 1.04808 0.17238 15416.3
249000 -1.09766 6.30415 15413.2
249100 1.48923 0.082247 15476.3
249200 0.0178619 0.970483 15634.4
249300 0.766836 0.276294 15722.6
249400 -0.118235 1.21936 15781.1
249500 -0.00340144 1.00572 15749.1
249600 0.542665 0.402418 15699.7
249700 -0.328352 1.7346 15629.2
249800 6.22025 2.94206e-05 15504.7
249900 1.28479 0.115891 15401.5
250000 2.24485 0.0231558 15367.7
250100 3.29915 0.0039502 15475.6
250200 2.19479 0.0251844 15625.2
250300 1.80852 0.0481416 15789.8
250400 1.74217 0.0538096 15844.1
250500 0.400369 0.510902 15757.4
250600 0.948158 0.203837 15653.4
250700 4.57279 0.000466441 15585.2
250800 4.24476 0.000808649 15556
250900 6.76203 1.18569e-05 15562
251000 1.11763 0.153399 15569.1
251100 2.22798 0.0238207 15577.6
251200 2.32816 0.0201358 15620.4
251300 8.68802 4.6872e-07 15664.8
251400 1.43057 0.0907519 15672.6
251500 -2.45556 61.495 15702.2
251600 -1.27765 8.52604 15738.2
251700 3.13936 0.00516451 15742.7
251800 5.15591 0.000175388 15758.8
251900 1.74182 0.0538411 15718.3
252000 1.86137 0.0440577 15653.5
252100 -1.14205 6.79153 15625.4
252200 6.98511 8.15569e-06 15614.5
252300 8.13688 1.18145e-06 15605.8
252400 10.9314 1.08799e-08 15610.5
252500 5.60804 8.21544e-05 15670.5
252600 2.61822 0.0123786 15685.2
252700 6.06231 3.83446e-05 15656.8
252800 1.45413 0.0872348 15616.8
252900 10.5591 2.03172e-08 15665.4
253000 1.42183 0.0920913 15766.4
253100 1.85357 0.0446377 15766.1
253200 0.551322 0.396616 15707
253300 4.81589 0.000310242 15624.9
253400 -0.430798 2.05982 15490.1
253500 4.44654 0.000576456 15461.4
253600 0.6201 0.3534 15555.9
253700 3.48546 0.00288998 15644.7
253800 2.4749 0.0157426 15620.3
253900 3.39991 0.00333593 15570.7
254000 2.55172 0.0138392 15558.9
254100 -0.581642 2.65287 15509.5
254200 -3.49598 352.178 15411.5
254300 5.13854 0.000180574 15315.6
254400 -4.71243 2709.76 15308.3
254500 4.93257 0.000255097 15376.8
254600 0.143462 0.786122 15446.8
254700 2.0636 0.0313833 15471
254800 -1.73234 18.2804 15462.9
254900 2.34316 0.0196356 15447.8
255000 -1.80928 20.7986 15439.6
255100 1.67828 0.0598961 15412.7
255200 1.31588 0.110003 15337.2
255300 9.76088 7.75095e-08 15288.1
255400 2.15015 0.0271427 15261.5
255500 9.93967 5.74258e-08 15221.1
255600 4.44814 0.00057491 15188.1
255700 1.34956 0.103961 15245.8
255800 4.0259 0.00116734 15388.8
255900 3.77013 0.00179276 15475.2
256000 6.30772 2.54054e-05 15478.1
256100 5.45615 0.000105994 15489.5
256200 7.82873 1.98105e-06 15465.6
256300 2.24243 0.0232501 15362.4
256400 6.29579 2.59188e-05 15309.2
256500 0.0997306 0.845956 15332.1
256600 0.300014 0.604567 15351.5
256700 2.48113 0.0155789 15341.2
256800 4.72464 0.000361553 15333
256900 3.31138 0.00387001 15371.8
257000 -2.85054 119.282 15462.2
257100 4.49372 0.000532599 15512.1
257200 3.3216 0.00380422 15491.3
257300 0.490979 0.438864 15454.1
257400 2.40577 0.0176781 15436.5
257500 -1.57524 14.0456 15412
257600 -1.30425 8.91503 15395.9
257700 8.59946 5.43792e-07 15461.8
257800 -2.71062 94.3285 15518.7
257900 2.13749 0.0277252 15552.6
258000 10.8212 1.30889e-08 15636.4
258100 3.31561 0.00384268 15668.6
258200 -3.88194 672.873 15667
258300 2.6601 0.0115387 15625.3
258400 2.16298 0.0265645 15520.8
258500 0.113463 0.826693 15447.6
258600 2.59047 0.0129683 15454
258700 6.30686 2.54422e-05 15526.1
258800 3.32298 0.00379547 15574.2
258900 -1.10646 6.39789 15612.1
259000 0.515734 0.421013 15601.7
259100 1.8125 0.0478216 15561.7
259200 6.05354 3.8913e-05 15550.4
259300 3.2724 0.00413148 15597.9
259400 2.82124 0.00880583 15600.2
259500 2.53511 0.0142303 15599
259600 4.16493 0.000924518 15642.6
259700 0.362328 0.544565 15714.4
259800 -2.73262 97.8742 15855.6
259900 -0.968692 5.07782 16006.2
260000 3.20484 0.00462731 16101.6
260100 1.99802 0.0350326 16074.9
260200 1.38216 0.0984288 15984.6
260300 0.857527 0.237304 15902
260400 -2.48293 64.3841 15825.3
260500 4.37873 0.0006459 15728.2
260600 4.87569 0.000280631 15693.7
260700 3.69973 0.00201747 15639
260800 2.15072 0.0271164 15591.4
260900 0.719126 0.299315 15492.3
261000 6.99186 8.06386e-06 15426.8
261100 3.04843 0.00601542 15386.6
261200 3.78507 0.0017484 15358.8
261300 1.91636 0.0401758 15368.6
261400 2.94857 0.00711238 15432.5
261500 0.994737 0.188517 15515
261600 3.39649 0.00335517 15598
261700 3.0933 0.00557932 15751.4
261800 -2.48862 65.001 15904.3
261900 5.20199 0.000162342 15971.1
262000 5.58747 8.50395e-05 15930.3
262100 4.35095 0.000676714 15771.5
262200 4.62131 0.000429979 15642.5
262300 5.19232 0.000164997 15661.1
262400 -0.756446 3.5568 15680.9
262500 2.94041 0.00721036 15641.4
262600 -3.34014 271.168 15635.1
262700 -1.66681 16.3775 15636.1
262800 -1.72783 18.1425 15617.6
262900 1.29544 0.11384 15575.8
263000 1.79797 0.0490015 15520.8
263100 4.19364 0.000881042 15563.4
263200 0.896658 0.222228 15628
263300 5.50645 9.74181e-05 15634.3
263400 -3.82653 613.154 15656
263500 -1.21698 7.70101 15706
263600 -1.66874 16.4305 15749
263700 1.92571 0.0395505 15762.6
263800 4.45528 0.00056807 15800
263900 0.613553 0.357303 15864.8
264000 0.669017 0.325561 15901.2
264100 4.95337 0.000246348 15864.6
264200 -1.556 13.5995 15861.5
264300 2.07868 0.0305994 15883.9
264400 2.94259 0.00718404 15906.8
264500 2.34282 0.0196468 15924.4
264600 2.31175 0.020698 15882.2
264700 -3.29664 252.085 15794.8
264800 0.689333 0.314653 15722
264900 2.45841 0.016184 15683.2
265000 1.83048 0.0464004 15670.4
265100 7.36491 4.31303e-06 15729.1
265200 -1.15812 6.97701 15792.1
265300 1.19131 0.135566 15813
265400 -1.73293 18.2985 15829.7
265500 4.43169 0.000590997 15828
265600 2.06257 0.0314379 15741.4
265700 2.45572 0.0162571 15632.2
265800 1.56742 0.0721368 15593.6
265900 5.85438 5.43475e-05 15502.9
266000 2.92717 0.00737237 15437.5
266100 8.37743 7.89177e-07 15507.3
266200 -0.369657 1.85904 15622.3
266300 -1.90127 24.2688 15744
266400 2.08859 0.0300949 15788.5
266500 2.01975 0.0337786 15903.5
266600 -0.780014 3.70022 16006.7
266700 0.723002 0.297375 15972.8
266800 1.43536 0.0900252 15848.4
266900 0.0882038 0.862472 15680.4
267000 4.39806 0.000625297 15562.8
267100 1.90369 0.0410385 15489.8
267200 -0.933501 4.78675 15432.5
267300 0.500861 0.431649 15426.3
267400 -0.658828 3.01957 15518.7
267500 1.00887 0.184101 15593.7
267600 0.683471 0.317762 15640.8
267700 -2.85794 120.772 15725.6
267800 -1.4668 11.7095 15836.3
267900 -1.81423 20.9719 15896.6
268000 -2.93162 136.658 15860.2
268100 0.269166 0.636674 15853.2
268200 2.63324 0.0120705 15845.9
268300 4.21595 0.000848693 15822.9
268400 0.266335 0.639704 15767.3
268500 2.7673 0.00963974 15726.6
268600 4.13193 0.000977135 15734.7
268700 1.59089 0.0693525 15762.5
268800 0.837917 0.24524 15799
268900 6.18793 3.10592e-05 15832.4
269000 2.57687 0.0132676 15827.1
269100 2.36614 0.018893 15825.6
269200 5.62904 7.93116e-05 15850
269300 1.7693 0.0514152 15856.2
269400 3.39484 0.00336447 15797.5
269500 2.25135 0.0229049 15705.7
269600 4.6399 0.00041678 15663.6
269700 0.825433 0.250429 15732.6
269800 0.610866 0.358917 15843.1
269900 0.545361 0.400602 15856.7
270000 1.0337 0.176589 15794.2
270100 4.20541 0.000863829 15720
270200 1.47006 0.0849352 15729
270300 -0.740898 3.46523 15803.2
270400 1.77838 0.0506384 15845.7
270500 -3.02664 160.272 15839.5
270600 -0.00620693 1.01047 15779.3
270700 9.27657 1.74649e-07 15702.2
270800 11.4377 4.65401e-09 15711.4
270900 6.40177 2.16978e-05 15737.4
271000 1.4151 0.0931364 15799.1
271100 0.901479 0.220438 15878.3
271200 6.68602 1.34692e-05 15971.7
271300 1.12078 0.152591 16078.4
271400 2.14552 0.0273542 16136.6
271500 0.497303 0.434233 16080.3
271600 -1.81724 21.0781 15992.3
271700 0.289664 0.615155 15922.3
271800 1.49575 0.0813526 15838.7
271900 1.87623 0.0429734 15679.7
272000 4.69295 0.000381297 15497.7
272100 4.52646 0.000504137 15410.5
272200 1.2963 0.113675 15450.8
272300 5.10339 0.000191541 15537.3
272400 0.353392 0.552789 15585.8
272500 5.66175 7.50768e-05 15565.7
272600 1.7528 0.0528586 15517.1
272700 -0.51588 2.3758 15493.4
272800 -0.491003 2.2787 15457.2
272900 -1.15505 6.94121 15465.2
273000 6.5038 1.82846e-05 15484
273100 2.42986 0.0169779 15489.2
273200 0.39693 0.513858 15517.4
273300 1.31324 0.110491 15546.9
273400 2.38253 0.0183808 15557.7
273500 -1.69643 17.2117 15531.4
273600 3.42837 0.00318044 15554.5
273700 1.44528 0.0885396 15595.9
273800 5.5695 8.76417e-05 15656.6
273900 5.6006 8.31862e-05 15675.4
274000 4.59307 0.000450843 15717.7
274100 -1.72088 17.9323 15773
274200 5.12881 0.000183544 15739.9
274300 3.98558 0.00124902 15668.2
274400 2.71805 0.01047 15558.3
274500 1.11845 0.15319 15405
274600 13.0253 3.24571e-10 15312.4
274700 -0.365318 1.84556 15314.3
274800 -2.03624 30.4344 15394.8
274900 6.34186 2.39916e-05 15517.9
275000 -1.6062 14.7941 15665.8
275100 0.630041 0.347556 15804.7
275200 1.52681 0.0772226 15863.3
275300 0.925563 0.21171 15900.5
275400 3.16308 0.004963 15925.4
275500 1.4054 0.0946651 16011.4
275600 -1.9895 28.1399 16109.1
275700 3.7571 0.00183238 16085
275800 0.954461 0.201693 15983
275900 4.15982 0.000932475 15850.7
276000 6.2411 2.8409e-05 15676.9
276100 2.5193 0.0146127 15550.2
276200 0.952643 0.202309 15487.7
276300 3.50266 0.00280783 15485
276400 1.98209 0.0359818 15558.5
276500 2.8658 0.0081717 15611
276600 -0.304037 1.66528 15653.4
276700 1.63259 0.0646668 15728.9
276800 -0.664612 3.04901 15839.1
276900 2.18476 0.0256118 15873.6
277000 0.667872 0.326186 15842.2
277100 2.33487 0.0199106 15745.7
277200 -0.133674 1.25135 15701.9
277300 2.54701 0.0139491 15654.7
277400 -1.94768 26.2333 15627.5
277500 -0.93211 4.7756 15669.8
277600 1.37093 0.1003 15689
277700 1.0999 0.15803 15664.2
277800 0.367246 0.540091 15558.8
277900 -2.37861 54.048 15417
278000 11.3892 5.04806e-09 15304.4
278100 -1.8879 23.7304 15287.1
278200 -0.317585 1.70355 15372.2
278300 4.5001 0.000526927 15495.5
278400 9.74698 7.9338e-08 15614.6
278500 -0.0153918 1.02615 15667.4
278600 4.74562 0.000349051 15688.3
278700 -0.486855 2.26291 15755.1
278800 -0.903338 4.55058 15781.3
278900 -1.6944 17.153 15773.4
279000 3.40347 0.00331611 15744.2
279100 1.76741 0.0515788 15672
279200 3.69789 0.00202369 15611.8
279300 1.41016 0.0939124 15548.9
279400 5.18062 0.000168267 15507
279500 1.71785 0.0560498 15560.4
279600 2.38649 0.0182592 15671
279700 4.738 0.000353545 15733.5
279800 0.67282 0.323491 15771.9
279900 -0.687064 3.16603 15803.6
280000 -0.515053 2.37251 15796.8
280100 -3.00523 154.62 15805.6
280200 3.42698 0.00318785 15806.6
280300 0.602213 0.364164 15824.7
280400 0.964976 0.198167 15774.1
280500 1.14392 0.146783 15754.4
280600 -0.209414 1.42087 15840.5
280700 2.39603 0.0179691 15892.1
280800 -2.92617 135.415 15931.5
280900 -0.272284 1.5789 15909.8
281000 1.59976 0.0683283 15814.2
281100 -0.294157 1.6379 15746.3
281200 -1.5219 12.8434 15761.9
281300 8.22382 1.02113e-06 15769.1
281400 7.41167 3.98764e-06 15743.5
281500 4.05673 0.0011085 15666.2
281600 1.60682 0.0675239 15469.8
281700 1.86845 0.0435374 15273.9
281800 3.85157 0.00156385 15148
281900 5.28074 0.000142254 15121.2
282000 -1.06738 5.99196 15236.9
282100 6.08986 3.66131e-05 15411
282200 2.75474 0.00984507 15577.8
282300 2.20921 0.0245824 15715.7
282400 2.41949 0.0172759 15750.9
282500 4.33387 0.000696383 15623.6
282600 -1.05451 5.86403 15477.4
282700 -0.982593 5.19761 15389.7
282800 3.3045 0.00391496 15420
282900 5.27582 0.000143432 15485.5
283000 7.85282 1.90259e-06 15555.2
283100 2.24672 0.0230833 15577.5
283200 4.87101 0.000282842 15540.2
283300 4.46665 0.000557333 15468
283400 6.09877 3.60697e-05 15404.4
283500 8.15648 1.14324e-06 15443.6
283600 2.61696 0.0124047 15499.5
283700 1.79011 0.049652 15557.7
283800 2.0148 0.0340604 15589.7
283900 0.980848 0.19296 15568.7
284000 0.259809 0.646745 15566
284100 4.22957 0.000829517 15551.4
284200 10.1366 4.12741e-08 15510.4
284300 4.08984 0.00104861 15486.8
284400 5.82567 5.7029e-05 15475.2
284500 0.608967 0.360062 15502.5
284600 5.9522 4.61233e-05 15545.2
284700 12.8061 4.68738e-10 15562
284800 3.94104 0.00134591 15529.4
284900 0.876745 0.229776 15521.1
285000 9.46685 1.26926e-07 15552.1
285100 7.28488 4.93268e-06 15642.5
285200 -2.05577 31.4479 15687.6
285300 2.04273 0.0325015 15712.9
285400 -2.64882 85.0398 15703.5
285500 2.22907 0.0237769 15681.9
285600 -1.32226 9.18849 15642.9
285700 3.92347 0.00138616 15570.6
285800 -4.97563 4213.76 15475.6
285900 4.03493 0.00114978 15311.7
286000 2.26845 0.0222573 15195.3
286100 9.6623 9.14474e-08 15206.9
286200 4.509 0.000519117 15336.6
286300 2.93648 0.00725813 15424.6
286400 7.71129 2.4124e-06 15393.2
286500 5.0843 0.000197773 15277.6
286600 1.16993 0.140515 15206.3
286700 -0.952144 4.9388 15227
286800 -1.34271 9.50921 15276.8
286900 2.29408 0.0213207 15352.8
287000 6.10435 3.57336e-05 15514.3
287100 4.49045 0.000535525 15671.6
287200 2.90174 0.0076936 15718.2
287300 2.54365 0.0140279 15725.5
287400 -0.0544513 1.09564 15694.2
287500 1.83973 0.045686 15680.6
287600 2.57457 0.0133188 15708.8
287700 17.1693 3.10787e-13 15720.7
287800 0.866577 0.233729 15752.4
287900 1.24416 0.124064 15768.3
288000 -1.60557 14.7786 15767.3
288100 0.526623 0.413393 15771.5
288200 2.54185 0.0140704 15753.8
288300 -0.617973 2.81958 15717.1
288400 -0.391758 1.92925 15681
288500 0.833808 0.246936 15593
288600 3.19191 0.00472877 15535.2
288700 3.25006 0.0042893 15534.2
288800 1.4671 0.085358 15536.9
288900 3.14382 0.005126 15633.8
289000 1.0548 0.170449 15749.1
289100 3.17784 0.00484164 15751.3
289200 4.19624 0.000877209 15677.2
289300 -0.198695 1.39555 15631.6
289400 2.2738 0.0220582 15587.5
289500 3.40014 0.00333465 15529.3
289600 2.16321 0.0265543 15457.2
289700 -0.417363 2.01392 15459.1
289800 1.45557 0.0870243 15463.1
289900 1.15158 0.144908 15405.4
290000 9.15343 2.14719e-07 15361.9
290100 0.322085 0.582594 15371.5
290200 -1.6155 15.0267 15360.9
290300 3.7677 0.00180007 15361.7
290400 -2.52086 68.6124 15349
290500 6.15507 3.28193e-05 15280.6
290600 0.952473 0.202366 15181.8
290700 5.04132 0.000212558 15197.6
290800 1.28339 0.116164 15219.6
290900 1.45187 0.0875668 15292.3
291000 -3.7413 531.47 15434
291100 2.17792 0.025907 15541.5
291200 5.18093 0.000168179 15603.9
291300 7.98961 1.51251e-06 15578.1
291400 3.83849 0.00159853 15523.6
291500 0.672645 0.323585 15513.1
291600 8.04965 1.3676e-06 15468.4
291700 13.1512 2.62781e-10 15429.7
291800 2.349 0.0194442 15464.1
291900 4.90913 0.000265324 15504.9
292000 5.29971 0.0001378 15504.4
292100 3.94704 0.00133242 15524.7
292200 0.122872 0.813747 15560.6
292300 8.06337 1.3365e-06 15619.3
292400 4.60233 0.000443888 15616.4
292500 1.53402 0.0762942 15561.6
292600 3.18276 0.00480184 15541.5
292700 2.6865 0.011039 15573.8
292800 5.42855 0.000111016 15639.3
292900 -2.23504 42.4808 15662.1
293000 1.7925 0.0494528 15680.4
293100 3.62766 0.00227671 15673.3
293200 6.17987 3.14821e-05 15662.7
293300 5.30427 0.000136749 15674.7
293400 -1.3134 9.05299 15656.8
293500 -1.28111 8.57573 15612.2
293600 2.49029 0.0153412 15562.9
293700 -2.76814 103.884 15523.6
293800 9.11988 2.2715e-07 15518.9
293900 4.91878 0.000261065 15557.5
294000 -1.31911 9.14002 15711.1
294100 -1.45912 11.5597 15849.5
294200 -1.95674 26.6353 15875
294300 5.38244 0.000119943 15847.4
294400 6.43337 2.05774e-05 15734.7
294500 2.0923 0.0299083 15577.1
294600 5.52418 9.45637e-05 15485
294700 0.592764 0.369982 15487.3
294800 2.51285 0.0147717 15484.3
294900 -0.589169 2.68658 15506.9
295000 -0.975329 5.13466 15525.3
295100 6.26767 2.71708e-05 15545.6
295200 4.54789 0.000486337 15599.5
295300 5.52406 9.45822e-05 15674.4
295400 6.16491 3.22822e-05 15704.6
295500 5.31142 0.000135119 15654.8
295600 5.11507 0.000187825 15540
295700 0.1585 0.766541 15458.6
295800 4.42977 0.000592903 15448.9
295900 -0.5271 2.42094 15428.2
296000 0.0298918 0.951096 15399.3
296100 -1.69553 17.1857 15404.2
296200 0.401039 0.510328 15470.9
296300 -1.53558 13.1415 15549.4
296400 0.848672 0.240855 15603.9
296500 1.93871 0.0386975 15659.5
296600 0.160619 0.763821 15779.2
296700 4.04258 0.00113513 15886.9
296800 4.148 0.000951152 15915.1
296900 -1.03731 5.69721 15907.2
297000 4.12109 0.000995061 15823.3
297100 5.14135 0.000179725 15632.1
297200 4.34291 0.000685894 15447.7
297300 -2.51982 68.4939 15351.6
297400 3.27072 0.00414318 15353.7
297500 3.9442 0.0013388 15362.8
297600 5.8572 5.40907e-05 15357.6
297700 7.12987 6.39746e-06 15350.8
297800 6.39727 2.18621e-05 15366.7
297900 7.73665 2.31194e-06 15417.9
298000 2.72869 0.0102848 15457.3
298100 -1.44187 11.23 15474.1
298200 2.18175 0.0257412 15550.8
298300 3.14678 0.00510062 15655.1
298400 -2.81748 112.846 15736.3
298500 -0.523363 2.40581 15741.1
298600 -5.13161 5473.84 15664.6
298700 6.4858 1.88452e-05 15550.8
298800 2.95654 0.00701793 15483.8
298900 6.52597 1.76171e-05 15390.6
299000 -2.33124 49.9193 15360.9
299100 1.90014 0.0412834 15448.4
299200 2.1076 0.0291507 15557.3
299300 1.45365 0.0873054 15629.2
299400 -3.217 220.563 15740.4
299500 -0.812133 3.90504 15813.2
299600 1.4778 0.0838396 15849.2
299700 1.37251 0.100034 15812.8
299800 0.672553 0.323635 15753.1
299900 3.43585 0.00314081 15714.9
300000 1.71753 0.0560803 15749.8
300100 0.871185 0.231929 15808.9
300200 -0.645209 2.95138 15797.9
300300 1.18341 0.137374 15733.8
300400 3.36634 0.00352921 15659.9
300500 2.05497 0.0318408 15609.4
300600 5.35034 0.00012658 15578.2
300700 2.42324 0.0171675 15529.6
300800 -2.67855 89.3885 15513.7
300900 1.41312 0.0934467 15543.3
301000 -0.948665 4.91007 15590.3
301100 11.3883 5.05568e-09 15598.1
301200 11.4931 4.24067e-09 15599.7
301300 2.43773 0.0167553 15649.3
301400 1.86745 0.0436108 15735.4
301500 0.624627 0.350727 15836.6
301600 -0.790274 3.76445 15896.7
301700 2.65346 0.011668 15898
301800 -0.715126 3.31862 15809
301900 2.44344 0.0165957 15674.6
302000 0.539129 0.404812 15551.8
302100 0.450213 0.469923 15458.7
302200 -0.899758 4.52334 15483.2
302300 6.5256 1.76282e-05 15550.2
302400 -1.08103 6.13073 15628
302500 1.83044 0.0464041 15763
302600 8.31754 8.72581e-07 15878.3
302700 -4.5654 2117.48 15894
302800 5.61318 8.14496e-05 15826.9
302900 1.3908 0.0970124 15723.1
303000 2.99591 0.00656946 15660.2
303100 -0.537422 2.46322 15614.7
303200 0.516134 0.420731 15598.3
303300 2.70242 0.0107481 15655.8
303400 0.23051 0.679324 15764.3
303500 -0.441701 2.09784 15753.9
303600 2.27259 0.0221033 15651.3
303700 0.774576 0.272731 15528.8
303800 6.30239 2.56337e-05 15456
303900 2.36869 0.0188126 15413.8
304000 0.79617 0.263029 15399.8
304100 3.85195 0.00156285 15451.4
304200 -0.284733 1.61222 15539.4
304300 0.110306 0.831082 15641.2
304400 4.19286 0.000882204 15742.6
304500 1.05817 0.169488 15847.1
304600 -0.00322332 1.00542 15872.3
304700 3.78479 0.00174921 15793
304800 0.389859 0.519988 15680.7
304900 1.96975 0.0367338 15638.1
305000 6.74332 1.22349e-05 15589.3
305100 0.253736 0.653367 15569.1
305200 -0.872531 4.3214 15493.2
305300 0.536515 0.406591 15433.8
305400 4.21571 0.000849027 15496.8
305500 3.40504 0.00330736 15584.9
305600 2.00771 0.0344679 15642.1
305700 0.228907 0.681154 15594.7
305800 0.491446 0.43852 15510.1
305900 2.99039 0.0066305 15514.9
306000 0.458879 0.463142 15568.7
306100 0.562209 0.389439 15554.8
306200 4.38778 0.000636172 15505.3
306300 4.027 0.00116518 15572
306400 2.7766 0.00949047 15693.5
306500 -1.74069 18.5381 15771.3
306600 0.891853 0.224027 15770.6
306700 0.851769 0.239607 15755.1
306800 3.464 0.00299592 15736.2
306900 2.23903 0.0233831 15643.8
307000 3.5376 0.002648 15548.8
307100 7.56148 3.10156e-06 15501.6
307200 3.88836 0.00147024 15480.8
307300 3.97843 0.00126408 15434.8
307400 4.28117 0.000760745 15422.3
307500 2.25199 0.0228801 15430.1
307600 7.1097 6.61759e-06 15460.8
307700 8.02545 1.42425e-06 15472
307800 3.04901 0.00600963 15484.4
307900 2.32824 0.0201331 15539.8
308000 5.98026 4.40027e-05 15568
308100 4.76102 0.00034015 15587.8
308200 3.04687 0.00603117 15635.9
308300 8.65126 4.98534e-07 15700
308400 3.12275 0.00531037 15712
308500 4.34824 0.000679796 15676.3
308600 0.0456241 0.926325 15609.8
308700 2.74796 0.00995754 15522.4
308800 3.81763 0.00165546 15460
308900 1.91707 0.0401276 15430.2
309000 7.87904 1.82072e-06 15421.6
309100 10.2301 3.52781e-08 15487.2
309200 -2.23207 42.2694 15556.7
309300 5.1199 0.00018631 15577.4
309400 -1.5177 12.7532 15611.7
309500 8.13078 1.1936e-06 15635.9
309600 2.92539 0.00739434 15551.2
309700 5.90707 4.97503e-05 15391.7
309800 6.87122 9.87248e-06 15304.7
309900 3.79371 0.00172324 15349.7
310000 6.81211 1.09015e-05 15447.9
310100 5.1017 0.000192084 15525.9
310200 4.02013 0.0011787 15538.9
310300 3.27287 0.00412823 15546.2
310400 6.15137 3.30237e-05 15589.2
310500 0.838255 0.245101 15617.9
310600 0.43884 0.478974 15634.3
310700 4.26989 0.000775277 15582.4
310800 -1.55837 13.6536 15561.8
310900 4.48656 0.000539031 15568.9
311000 4.01668 0.00118553 15579.7
311100 11.0418 9.04079e-09 15557.6
311200 -3.97674 788.841 15529.5
311300 -1.56834 13.884 15523.6
311400 10.0657 4.6487e-08 15534.1
311500 2.87146 0.00809443 15457.6
311600 4.05435 0.00111294 15370.2
311700 -1.44001 11.195 15353.2
311800 1.88186 0.0425694 15391.3
311900 -0.704075 3.25767 15464.4
312000 8.62231 5.23343e-07 15505.5
312100 1.78848 0.0497877 15515
312200 6.78477 1.1413e-05 15489.5
312300 1.24434 0.124027 15454.6
312400 -0.555686 2.53985 15439.1
312500 2.78646 0.00933491 15391
312600 6.64614 1.4401e-05 15358
312700 5.13236 0.000182456 15454.8
312800 4.22081 0.000841793 15679.7
312900 1.30541 0.111952 15822.9
313000 1.53528 0.0761328 15870.2
313100 1.02114 0.180349 15832.2
313200 -2.0291 30.0722 15797.1
313300 -0.337487 1.76138 15773
313400 5.36197 0.000124135 15731.5
313500 5.58367 8.55825e-05 15675.7
313600 3.75721 0.00183202 15626
313700 7.14498 6.23734e-06 15622.5
313800 1.82679 0.0466885 15628.4
313900 7.17433 5.93763e-06 15628.7
314000 -3.57988 405.402 15573.5
314100 3.58705 0.0024372 15521.9
314200 2.18785 0.0254791 15476.9
314300 4.20834 0.000859587 15452.6
314400 4.29739 0.000740319 15508.4
314500 3.8915 0.00146254 15633.4
314600 2.59979 0.0127671 15697.7
314700 -1.44518 11.2925 15596.6
314800 5.14267 0.000179326 15511.2
314900 9.16482 2.10657e-07 15499.1
315000 -0.135243 1.25465 15465.5
315100 0.388515 0.521162 15476.2
315200 -2.83869 116.934 15569.7
315300 8.19975 1.06319e-06 15619.6
315400 0.979736 0.193321 15555.2
315500 1.06761 0.166827 15531.5
315600 1.04348 0.173717 15517.3
315700 -0.880511 4.37964 15506.1
315800 4.24296 0.000811098 15522.1
315900 1.48044 0.0834681 15545.2
316000 5.32501 0.000132073 15624.8
316100 3.46885 0.00297166 15626.9
316200 2.01582 0.0340022 15606.7
316300 2.72349 0.0103748 15551.5
316400 0.850609 0.240074 15542.6
316500 4.64511 0.000413153 15569.7
316600 2.96191 0.00695494 15636.8
316700 2.98317 0.00671135 15678.2
316800 5.90834 4.96441e-05 15729.5
316900 1.75866 0.0523411 15786.9
317000 -1.0025 5.37407 15739.3
317100 2.32341 0.020297 15689.5
317200 3.13048 0.00524202 15639.9
317300 6.87246 9.85189e-06 15588.2
317400 -1.53706 13.1743 15555.8
317500 1.48574 0.0827298 15486.6
317600 5.41551 0.000113472 15433.3
317700 3.20931 0.00459271 15547.3
317800 -0.228622 1.4674 15703.1
317900 0.234021 0.675335 15831.2
318000 0.582811 0.376211 15885
318100 -3.42794 314.195 15845.5
318200 7.7173 2.38821e-06 15750.8
318300 -2.10739 34.2926 15686.7
318400 1.6733 0.0603987 15642.3
318500 1.28341 0.116161 15663.3
318600 1.10835 0.155807 15760.4
318700 2.23231 0.0236483 15888.8
318800 2.08073 0.0304943 15960.7
318900 -0.250537 1.52234 15951.2
319000 -1.22281 7.77669 15955.4
319100 -0.863615 4.25725 15965.7
319200 4.72303 0.000362531 15916.7
319300 0.0804721 0.87373 15837.8
319400 1.36048 0.102074 15840
319500 0.723483 0.297135 15863
319600 -0.154413 1.29565 15910.1
319700 -1.06617 5.9798 15946.1
319800 -1.78807 20.0716 15970.2
319900 -2.9601 143.345 16036.8
320000 1.57317 0.0714447 16010.5
320100 -2.50326 66.6167 15885
320200 4.68244 0.000388074 15744
320300 -0.419199 2.02013 15677
320400 0.331148 0.573805 15645.9
320500 -0.192209 1.38045 15665.5
320600 -2.00031 28.6546 15761.3
320700 5.90771 4.96966e-05 15840.6
320800 3.82807 0.00162673 15882.1
320900 1.31975 0.10929 15875.4
321000 5.13669 0.000181137 15801.9
321100 3.24444 0.0043299 15746.2
321200 8.49337 6.49704e-07 15749.1
321300 5.50896 9.70095e-05 15684.5
321400 -5.795 16655.7 15595.1
321500 1.69846 0.0579031 15530.9
321600 -2.44612 60.5288 15400.6
321700 2.21577 0.0243133 15285.4
321800 11.6599 3.2059e-09 15229.2
321900 0.979003 0.193558 15278.8
322000 4.47816 0.000546682 15393.3
322100 3.37601 0.0034724 15542.8
322200 -0.165936 1.32094 15678.8
322300 -0.198601 1.39533 15744.3
322400 6.1929 3.08016e-05 15779.3
322500 0.998812 0.187233 15767.3
322600 0.794951 0.263567 15743
322700 -0.0866084 1.15636 15742.7
322800 0.448172 0.471535 15761.8
322900 5.07584 0.000200602 15808.1
323000 7.25997 5.14313e-06 15862
323100 1.03671 0.175701 15817.2
323200 1.27311 0.118184 15752.3
323300 4.35322 0.000674138 15741.4
323400 2.03289 0.0330423 15680.6
323500 3.0831 0.00567556 15628.2
323600 8.1881 1.08417e-06 15613.2
323700 -0.975734 5.13814 15621.4
323800 1.61664 0.0664206 15630.8
323900 4.25709 0.000792091 15622.9
324000 0.404746 0.507165 15696.3
324100 2.72583 0.0103343 15826.9
324200 3.56044 0.00254843 15965
324300 4.90959 0.000265119 16025.9
324400 -0.582623 2.65724 15969.6
324500 1.36108 0.101971 15898.4
324600 2.54196 0.0140677 15839.3
324700 0.931256 0.209698 15813.9
324800 1.32803 0.107783 15856.8
324900 0.263072 0.643216 15902.4
325000 3.32666 0.00377209 15904.9
325100 -3.28906 248.903 15885.6
325200 1.63639 0.0642565 15884.3
325300 -0.601139 2.74107 15968.6
325400 -0.957723 4.98524 16026.4
325500 -6.31686 39969.9 16035.6
325600 3.64274 0.00221985 16041.7
325700 0.981698 0.192685 16004.9
325800 -1.08945 6.21793 15946.2
325900 1.27064 0.118675 15838.8
326000 -0.823127 3.97772 15753.9
326100 -0.0308636 1.05313 15738.7
326200 10.8681 1.20995e-08 15755.9
326300 2.48018 0.0156037 15733.7
326400 2.78764 0.00931637 15690
326500 -0.448837 2.1231 15671.8
326600 1.35909 0.102311 15653.9
326700 0.0851481 0.866904 15641
326800 -1.21754 7.70835 15696.4
326900 3.24537 0.00432312 15738.5
327000 2.65588 0.0116208 15722.1
327100 -0.0167216 1.02845 15710.5
327200 3.14821 0.00508842 15676.2
327300 3.50483 0.00279763 15654.7
327400 -2.29341 46.8503 15660.8
327500 1.56778 0.0720934 15679.5
327600 -0.388833 1.91981 15694.3
327700 5.15915 0.000174437 15674.9
327800 1.10513 0.156651 15673.6
327900 3.37844 0.0034583 15716.4
328000 -3.52051 366.975 15787.4
328100 -0.530944 2.4366 15783.2
328200 2.4318 0.0169229 15737.4
328300 1.31759 0.109688 15637.2
328400 1.59973 0.0683313 15589.5
328500 0.181578 0.737434 15554.3
328600 3.68491 0.00206825 15505
328700 -0.831437 4.03356 15445.4
328800 -2.84049 117.288 15432.7
328900 12.1498 1.40951e-09 15473.6
329000 0.0564804 0.909609 15501.9
329100 1.71498 0.0563202 15488.6
329200 4.5633 0.000473924 15570.4
329300 4.62256 0.000429078 15682.9
329400 5.31124 0.000135161 15780.2
329500 0.167982 0.754446 15806.7
329600 1.27658 0.117498 15729.2
329700 3.61951 0.00230804 15636.9
329800 5.60324 8.2819e-05 15604.3
329900 1.38196 0.0984614 15590.6
330000 2.63884 0.0119578 15619.1
330100 2.31889 0.0204515 15641.5
330200 0.152631 0.774125 15630.3
330300 2.80906 0.00898755 15655.2
330400 1.27901 0.117021 15779.9
330500 6.00433 4.22615e-05 15869
330600 0.400457 0.510827 15866.7
330700 0.61146 0.358559 15812.8
330800 1.27725 0.117367 15748.1
330900 -1.92358 25.1941 15645
331000 0.0468161 0.924475 15544.1
331100 3.04885 0.00601121 15531.6
331200 1.60816 0.0673728 15575.8
331300 -2.45558 61.4964 15616
331400 4.17176 0.000913988 15617.5
331500 6.94433 8.73305e-06 15602.6
331600 3.29045 0.00400827 15582.2
331700 3.11238 0.00540361 15590.6
331800 6.82258 1.07118e-05 15616.4
331900 1.14403 0.146755 15649.5
332000 3.28286 0.00405962 15703.1
332100 2.85478 0.00832418 15788.7
332200 2.0876 0.0301453 15856.1
332300 -0.488911 2.27072 15832.9
332400 1.12183 0.152322 15757.2
332500 -1.35428 9.69554 15718.6
332600 6.0195 4.11992e-05 15683
332700 0.990945 0.18972 15577.1
332800 3.42547 0.00319592 15501.3
332900 1.52732 0.0771565 15409.9
333000 3.21616 0.00454023 15351.1
333100 -1.2014 7.50236 15316.5
333200 -0.00163761 1.00275 15307.1
333300 -3.53161 373.868 15309.7
333400 9.61663 9.87271e-08 15270.5
333500 3.87325 0.00150798 15245
333600 5.54885 9.073e-05 15346.7
333700 1.49765 0.0810935 15503.5
333800 2.49714 0.015166 15624.9
333900 -2.4416 60.0713 15652.2
334000 0.277251 0.628097 15691.2
334100 3.03112 0.00619268 15688.4
334200 1.76535 0.0517576 15679.6
334300 -3.15856 199.969 15659.8
334400 3.47426 0.00294479 15631
334500 9.66206 9.14843e-08 15600.6
334600 14.3684 3.41052e-11 15555.4
334700 1.31754 0.109696 15492.5
334800 3.56343 0.0025357 15484.5
334900 4.98232 0.000234669 15548
335000 5.82641 5.69576e-05 15561.4
335100 0.675687 0.321939 15521.4
335200 5.50609 9.74776e-05 15528.2
335300 8.38124 7.84154e-07 15533
335400 3.97553 0.00127025 15484.6
335500 2.18813 0.0254671 15471.9
335600 2.62551 0.0122281 15479.1
335700 7.32631 4.60151e-06 15458.1
335800 9.95479 5.59877e-08 15454.6
335900 0.303156 0.601389 15463.8
336000 -0.295687 1.64211 15516.4
336100 -1.4561 11.5012 15580.9
336200 2.19783 0.0250561 15595.6
336300 6.34376 2.39151e-05 15538.6
336400 4.95864 0.000244182 15471.7
336500 2.473 0.0157928 15481.9
336600 0.0662861 0.89477 15567.9
336700 3.91436 0.00140752 15592
336800 0.881185 0.228072 15580
336900 1.79502 0.0492448 15541.2
337000 0.974267 0.195102 15515.8
337100 -2.4868 64.8029 15480.2
337200 2.26468 0.0223984 15402.6
337300 -0.528351 2.42602 15398.4
337400 0.00871459 0.985488 15440.3
337500 2.39116 0.0181167 15531.4
337600 0.237706 0.671174 15661
337700 2.67535 0.0112473 15805
337800 -2.30202 47.5317 15863.4
337900 -1.98863 28.0984 15843.1
338000 2.41103 0.0175227 15829.3
338100 0.0702087 0.888902 15841.9
338200 10.7506 1.47344e-08 15827.8
338300 4.37647 0.000648356 15767.2
338400 -1.61326 14.9705 15701.4
338500 0.474019 0.451528 15640.8
338600 2.3629 0.018996 15685
338700 -1.33244 9.34672 15792
338800 0.829989 0.248523 15832.1
338900 3.08742 0.00563464 15775.1
339000 0.408282 0.504166 15680.6
339100 2.70853 0.0106386 15601.3
339200 -2.73255 97.8626 15537.6
339300 -0.459959 2.16308 15452.8
339400 2.49292 0.0152739 15411.9
339500 -0.882838 4.39676 15506.1
339600 -1.49354 12.2468 15626.7
339700 4.22396 0.000837354 15654.4
339800 1.40112 0.0953476 15641.7
339900 4.95466 0.000245817 15608.8
340000 -2.40369 56.3701 15587.6
340100 -0.82134 3.96582 15526.4
340200 0.422179 0.492549 15492.9
340300 0.927797 0.210919 15451.7
340400 -0.216175 1.43708 15424.3
340500 2.03134 0.0331284 15409.4
340600 -0.796503 3.80399 15405.2
340700 3.43131 0.0031648 15407.1
340800 -0.597452 2.72417 15438.6
340900 -0.409995 1.98918 15461.7
341000 -1.00124 5.36276 15467.1
341100 -2.29736 47.1614 15505.4
341200 5.70391 6.99513e-05 15599.4
341300 9.16023 2.12285e-07 15741.5
341400 0.10179 0.843039 15852.9
341500 0.474247 0.451356 15954.2
341600 -4.07914 936.676 15961.9
341700 1.49382 0.0816157 15952.1
341800 1.82884 0.0465285 15856.1
341900 4.20327 0.000866935 15730.1
342000 3.36578 0.00353249 15599
342100 0.059022 0.90574 15529.5
342200 -2.88162 125.664 15601.7
342300 3.69492 0.00203381 15725.1
342400 1.91129 0.0405186 15863.9
342500 2.00995 0.0343388 16020.8
342600 7.56151 3.1014e-06 16086.9
342700 -0.614318 2.80234 15996.4
342800 -1.93219 25.5606 15813
342900 -1.68385 16.8521 15704.2
343000 2.64254 0.0118837 15726.2
343100 1.14901 0.145534 15771
343200 0.0865353 0.864889 15832.7
343300 6.76935 1.17121e-05 15885.7
343400 3.01521 0.00636012 15862.1
343500 0.520659 0.41755 15773.7
343600 1.7047 0.0572995 15665.7
343700 4.96938 0.00023982 15575.6
343800 1.64119 0.0637413 15543.5
343900 -1.48365 12.0452 15520.8
344000 6.60319 1.54769e-05 15511.1
344100 2.32648 0.0201928 15507.5
344200 2.40617 0.0176662 15541.3
344300 0.231643 0.678034 15591.9
344400 7.5455 3.18582e-06 15632.2
344500 -0.256043 1.53647 15596.1
344600 -1.93441 25.6558 15542.9
344700 -0.31239 1.68877 15577.2
344800 3.16697 0.00493075 15584
344900 -0.330397 1.74056 15532.9
345000 2.3722 0.018702 15542.3
345100 2.07709 0.0306813 15609.4
345200 9.39453 1.43297e-07 15649.3
345300 5.50367 9.78737e-05 15609.5
345400 2.30958 0.0207736 15538.2
345500 -0.975644 5.13737 15528.5
345600 7.61627 2.82925e-06 15571.3
345700 5.31525 0.000134253 15669.8
345800 4.15181 0.000945096 15736.4
345900 1.99983 0.0349266 15804.7
346000 -2.56598 74.0072 15896.2
346100 -0.368563 1.85563 15983.2
346200 -0.656606 3.00834 16044.9
346300 -0.127469 1.23839 16032.8
346400 0.0887067 0.861745 15986.5
346500 -1.16718 7.08391 15934.1
346600 2.42954 0.016987 15851.9
346700 -2.14115 36.2907 15734.7
346800 3.22364 0.00448365 15643.6
346900 1.52284 0.0777379 15569
347000 0.761447 0.278803 15569.7
347100 2.36707 0.0188638 15552.8
347200 4.86127 0.000287504 15553.3
347300 0.882228 0.227673 15549.9
347400 1.85784 0.0443192 15558.4
347500 -1.8634 22.7751 15646.6
347600 4.58863 0.000454209 15751.2
347700 -1.39081 10.3082 15756.8
347800 2.24258 0.0232442 15706.9
347900 2.70086 0.0107762 15620.8
348000 -3.43469 317.775 15520.8
348100 11.1627 7.38119e-09 15497.3
348200 2.60354 0.0126871 15489.3
348300 -2.94186 139.027 15456.4
348400 4.35024 0.000677522 15479
348500 2.5616 0.0136118 15518.1
348600 0.864431 0.234572 15542.9
348700 1.59427 0.0689607 15560.4
348800 0.845302 0.24222 15626.7
348900 1.71079 0.0567172 15671.2
349000 1.87238 0.0432518 15627.2
349100 6.05139 3.90537e-05 15511.7
349200 6.41313 2.12881e-05 15428.4
349300 6.25016 2.79808e-05 15389.8
349400 12.2934 1.1078e-09 15369.2
349500 -2.83656 116.517 15366
349600 -0.600454 2.73792 15419.6
349700 2.20229 0.0248695 15481.2
349800 -2.84113 117.413 15550.1
349900 3.50402 0.00280141 15653
350000 -1.2967 8.80293 15761.5
350100 0.791004 0.265318 15812.9
350200 -0.17838 1.3488 15824
350300 1.06257 0.168242 15736.8
350400 2.18697 0.0255167 15636.3
350500 2.79665 0.00917674 15602
350600 3.48987 0.00286869 15512.2
350700 8.73963 4.29856e-07 15430.7
350800 2.32939 0.0200944 15424.2
350900 1.4484 0.088077 15455.5
351000 2.5195 0.0146078 15490
351100 2.55989 0.0136508 15552.7
351200 -1.51897 12.7804 15635.7
351300 0.186991 0.730768 15745.8
351400 0.443128 0.475541 15888.2
351500 1.20355 0.132812 15916.3
351600 0.379497 0.529106 15841.9
351700 0.759488 0.279721 15728.7
351800 -1.22964 7.86632 15603.7
351900 4.28532 0.000755467 15562.8
352000 1.23399 0.1262 15581.4
352100 0.970969 0.196184 15552.3
352200 4.88831 0.000274753 15548.3
352300 -1.05049 5.82457 15565.9
352400 -3.23174 226.084 15595.4
352500 2.12934 0.0281069 15719.3
352600 -0.783842 3.72405 15844.5
352700 1.51742 0.0784484 15883.6
352800 9.17896 2.05719e-07 15841.3
352900 -5.46794 9622.91 15774.3
353000 1.03702 0.17561 15695.5
353100 4.0557 0.00111042 15626.2
353200 1.14467 0.146597 15626.9
353300 1.08939 0.160841 15668
353400 2.51725 0.014663 15696.2
353500 3.57673 0.00247976 15711.7
353600 0.97264 0.195635 15773.1
353700 1.79772 0.0490216 15856.3
353800 1.52693 0.0772063 15993.8
353900 4.1513 0.000945896 16106.1
354000 -4.35412 1485.62 16087.5
354100 1.30876 0.111324 15950.2
354200 1.42767 0.0911943 15810.9
354300 3.73858 0.00189019 15719.1
354400 -2.00035 28.6563 15641.1
354500 6.07272 3.76809e-05 15595
354600 4.93171 0.000255464 15592.9
354700 -0.879143 4.3696 15638.3
354800 -0.159114 1.30591 15666
354900 0.0342073 0.944236 15650
355000 4.4906 0.000535386 15533.5
355100 2.38511 0.0183016 15457
355200 3.81101 0.00167396 15531
355300 0.397311 0.513529 15679
355400 1.53303 0.0764208 15803.6
355500 2.33689 0.0198434 15818.6
355600 2.32938 0.0200948 15770.6
355700 7.51539 3.35086e-06 15729.2
355800 -5.52948 10669.3 15681.9
355900 3.29273 0.00399301 15572.6
356000 1.77677 0.0507751 15443.3
356100 -0.883281 4.40003 15351.1
356200 -1.13357 6.6956 15327.3
356300 2.408 0.0176121 15304.3
356400 3.42161 0.0032167 15320.3
356500 3.08994 0.00561087 15445.8
356600 3.15353 0.00504318 15623.5
356700 6.59727 1.56312e-05 15742.7
356800 6.68169 1.35673e-05 15795.6
356900 -2.21992 41.417 15758.7
357000 1.38556 0.0978682 15694.9
357100 2.06535 0.0312912 15667.6
357200 5.42355 0.000111953 15591.1
357300 -1.79972 20.4676 15557.8
357400 0.445813 0.473404 15619.9
357500 8.31981 8.69264e-07 15668.3
357600 11.8412 2.36532e-09 15642.2
357700 4.88322 0.000277109 15592.8
357800 0.532859 0.409092 15531.6
357900 0.377867 0.530554 15516.7
358000 2.79644 0.00917986 15533.5
358100 0.469021 0.45533 15557.3
358200 16.1974 1.58658e-12 15559.8
358300 -1.45845 11.5467 15512.6
358400 1.78809 0.04982 15421.4
358500 -0.806694 3.86958 15344
358600 -0.20389 1.40777 15295
358700 -2.20675 40.5118 15261.2
358800 7.43569 3.8302e-06 15334.4
358900 2.44564 0.0165344 15419.9
359000 1.5909 0.0693511 15466.3
359100 3.27146 0.00413802 15462.3
359200 -1.20651 7.56695 15464.1
359300 1.45825 0.0866334 15449.2
359400 1.22708 0.127671 15414.7
359500 -2.3442 51.0164 15407.6
359600 5.73522 6.63716e-05 15346.6
359700 -0.522037 2.40047 15349.1
359800 -0.133078 1.2501 15430.5
359900 0.580779 0.377495 15540
360000 -1.11728 6.51513 15603.1
360100 3.84778 0.00157383 15675.6
360200 -1.29089 8.71745 15732.9
360300 1.88939 0.0420349 15677.1
360400 5.34295 0.000128158 15536.9
360500 -2.81827 112.997 15384.7
360600 -4.11161 989.111 15329.3
360700 2.30889 0.0207974 15331
360800 2.56103 0.0136248 15328.1
360900 0.938958 0.207007 15338.6
361000 3.80539 0.00168978 15344
361100 3.3317 0.00374035 15342.2
361200 3.41254 0.00326602 15325.5
361300 10.6588 1.71873e-08 15313.6
361400 2.91127 0.00757156 15295.8
361500 3.09366 0.00557592 15320.3
361600 8.35482 8.19682e-07 15372.2
361700 4.60168 0.000444372 15437.7
361800 4.91312 0.000263556 15513.4
361900 9.181 2.05017e-07 15533.6
362000 13.0968 2.87855e-10 15470.5
362100 -1.81494 20.9969 15389.5
362200 2.01372 0.0341225 15401.4
362300 2.7846 0.00936403 15504.4
362400 -0.881279 4.38528 15628.3
362500 4.63503 0.000420199 15693.7
362600 8.87574 3.4211e-07 15630.2
362700 3.88344 0.00148242 15488.6
362800 3.12271 0.00531078 15409.8
362900 7.58443 2.98445e-06 15366.6
363000 -3.1356 192.413 15419.3
363100 0.00347194 0.994193 15543.2
363200 6.53176 1.7447e-05 15626.7
363300 0.596191 0.367861 15675.4
363400 6.48566 1.88496e-05 15703.7
363500 5.76392 6.32521e-05 15689.4
363600 8.6461 5.02866e-07 15667.2
363700 5.25297 0.000149038 15588.8
363800 2.69732 0.0108404 15477.7
363900 3.26693 0.00416956 15380.5
364000 9.23354 1.87721e-07 15316
364100 -2.21397 41.0057 15224.1
364200 2.22832 0.023807 15171.7
364300 4.75417 0.000344081 15214
364400 2.45387 0.0163077 15282.9
364500 -1.09533 6.27958 15382.5
364600 1.48853 0.082344 15439.7
364700 1.91381 0.0403479 15504.6
364800 11.9896 1.84413e-09 15597.4
364900 6.02604 4.07499e-05 15647.6
365000 1.09883 0.158314 15615
365100 5.18432 0.000167227 15576.8
365200 0.26468 0.641483 15623.6
365300 0.819342 0.253001 15700.3
365400 0.165893 0.757093 15722
365500 2.05164 0.0320193 15688.3
365600 1.66913 0.0608224 15600.2
365700 5.11504 0.000187836 15565.6
365800 1.01901 0.180994 15627.2
365900 1.61091 0.0670626 15691.7
366000 1.83594 0.045978 15718.9
366100 -0.405107 1.97294 15738.2
366200 1.53087 0.0766985 15747.4
366300 0.429211 0.486773 15768.2
366400 3.1024 0.00549478 15776.7
366500 2.25531 0.022753 15806.6
366600 0.926629 0.211332 15793.5
366700 -2.44518 60.433 15782.8
366800 0.906621 0.218545 15774
366900 0.409666 0.502997 15750.9
367000 2.04773 0.0322302 15730.3
367100 -1.48653 12.1037 15718.4
367200 0.909628 0.217446 15741.6
367300 0.546602 0.399769 15846.5
367400 0.871279 0.231893 15996
367500 -1.99577 28.4373 16071.7
367600 4.41288 0.000609937 16083.6
367700 2.51199 0.014793 15970.6
367800 1.76512 0.0517769 15817.2
367900 3.13486 0.00520359 15727.5
368000 0.894214 0.223141 15700.8
368100 1.86911 0.0434893 15674.8
368200 9.25239 1.81878e-07 15610.7
368300 4.46212 0.000561587 15561.1
368400 1.30778 0.111507 15591.7
368500 0.613982 0.357046 15733.6
368600 0.940981 0.206305 15907.2
368700 0.412151 0.500904 16036.2
368800 0.478432 0.448198 16075.2
368900 1.02688 0.178622 16054.7
369000 2.20982 0.0245574 16013.2
369100 0.578844 0.378723 15943.2
369200 4.02054 0.00117789 15894.3
369300 -1.03605 5.68521 15880.6
369400 -1.1357 6.71949 15885
369500 3.9666 0.00128943 15879.4
369600 3.85061 0.00156636 15876.6
369700 2.08717 0.0301667 15801.9
369800 0.292495 0.612241 15719.9
369900 -2.93085 136.482 15684
370000 5.98679 4.3523e-05 15678.6
370100 0.392681 0.517533 15635.8
370200 -1.53961 13.2306 15582.7
370300 2.55505 0.0137623 15616.5
370400 3.59013 0.00242464 15727.9
370500 9.45227 1.30068e-07 15823.6
370600 -2.76411 103.183 15836.2
370700 -1.03237 5.65025 15772.8
370800 4.19719 0.000875821 15699.7
370900 4.49748 0.000529248 15584.1
371000 -0.00294995 1.00496 15438.9
371100 -0.455711 2.14772 15347.9
371200 0.812987 0.255712 15309.1
371300 -0.949091 4.91358 15288.7
371400 2.25099 0.0229187 15325.6
371500 -0.876192 4.34803 15387.9
371600 6.59627 1.56574e-05 15466.1
371700 -0.0678323 1.12051 15522.5
371800 4.6073 0.000440207 15549.7
371900 7.12978 6.39834e-06 15582.4
372000 4.07851 0.00106874 15541.9
372100 0.257734 0.649 15526.4
372200 -2.22411 41.7086 15558.5
372300 -1.0345 5.67048 15607
372400 0.890765 0.224436 15618.3
372500 0.948846 0.203601 15587.7
372600 5.24945 0.000149921 15564.2
372700 0.642575 0.340325 15570.8
372800 9.1625 2.11477e-07 15572.7
372900 2.12092 0.0285065 15561.3
373000 1.06762 0.166822 15590.9
373100 1.16161 0.14249 15612.6
373200 -1.98389 27.8759 15600.4
373300 0.641916 0.340702 15651.5
373400 1.12138 0.152439 15682.4
373500 2.32572 0.0202185 15690.3
373600 0.989484 0.190185 15607.9
373700 3.8541 0.00155722 15483.2
373800 4.60654 0.000440766 15378.2
373900 8.70447 4.55966e-07 15314.6
374000 -1.11357 6.4747 15314.7
374100 0.573479 0.382146 15360.9
374200 -1.5534 13.5404 15471
374300 7.11274 6.58384e-06 15586.9
374400 3.52302 0.00271355 15697
374500 1.66361 0.0613882 15823.6
374600 -1.92361 25.1952 15877.5
374700 -0.123341 1.22985 15867.8
374800 -1.77243 19.5519 15869.3
374900 0.277562 0.62777 15878.7
375000 4.19569 0.000878028 15873.8
375100 3.24216 0.00434651 15874.5
375200 -0.289056 1.62395 15816.3
375300 1.23473 0.126042 15706.7
375400 4.08994 0.00104844 15627.8
375500 5.90646 4.98011e-05 15545.5
375600 7.1766 5.91511e-06 15497.2
375700 9.15957 2.12519e-07 15463.1
375800 4.06837 0.00108708 15475.5
375900 1.10738 0.15606 15530.3
376000 -0.770856 3.64382 15601.3
376100 -3.03201 161.724 15671.6
376200 5.49523 9.92696e-05 15653.5
376300 10.1507 4.0307e-08 15533
376400 4.46051 0.00056311 15451.5
376500 1.66792 0.0609459 15406.1
376600 3.03361 0.00616682 15378.9
376700 4.55236 0.000482704 15388.5
376800 2.25225 0.0228704 15440.3
376900 -0.287867 1.62071 15488.6
377000 0.872808 0.231299 15553.8
377100 -1.63855 15.6192 15625.2
377200 -2.48817 64.9515 15693.1
377300 -0.295358 1.64121 15742.7
377400 -0.384257 1.90513 15713.4
377500 6.59338 1.57336e-05 15689.1
377600 -2.05642 31.4827 15689.2
377700 2.64917 0.0117523 15717.1
377800 1.31431 0.110292 15734.2
377900 -1.80894 20.7865 15720.3
378000 3.06794 0.00582172 15720.3
378100 1.0578 0.169594 15767.2
378200 -1.14087 6.77806 15791.6
378300 5.01397 0.000222537 15821.2
378400 0.28799 0.616885 15828.3
378500 3.15311 0.00504675 15831.8
378600 -1.02886 5.61703 15880.6
378700 1.00267 0.186026 15860.3
378800 2.41182 0.0174997 15738.8
378900 4.02853 0.0011622 15607.9
379000 8.74632 4.25058e-07 15534.2
379100 4.51727 0.000511962 15484.9
379200 5.24518 0.000150999 15494.6
379300 4.10995 0.00101384 15549.3
379400 2.45823 0.016189 15615.2
379500 -3.29963 253.352 15660.8
379600 1.44917 0.0879636 15702.2
379700 5.89834 5.04842e-05 15697.9
379800 7.19451 5.74001e-06 15656.8
379900 0.789258 0.266096 15661
380000 2.50579 0.0149477 15733.9
380100 3.52122 0.00272175 15822.9
380200 3.5697 0.00250916 15835.7
380300 2.24242 0.0232507 15802.7
380400 1.49669 0.0812238 15756.7
380500 1.2288 0.127303 15733.5
380600 4.10185 0.00102771 15681.7
380700 6.12052 3.47778e-05 15620.8
380800 1.22963 0.127126 15601.7
380900 5.29326 0.000139299 15599.7
381000 -2.81042 111.518 15649.9
381100 0.158975 0.76593 15699.1
381200 0.151804 0.775199 15683.7
381300 0.620682 0.353055 15645.7
381400 6.73289 1.24509e-05 15637.9
381500 0.475522 0.450391 15614.2
381600 1.97997 0.0361099 15596
381700 9.08751 2.39824e-07 15577.4
381800 7.8195 2.01195e-06 15562.1
381900 2.4464 0.0165133 15537.5
382000 6.27468 2.68532e-05 15540.1
382100 23.0145 1.71512e-17 15543.8
382200 2.65108 0.0117147 15584.1
382300 0.976875 0.19425 15635.5
382400 2.12747 0.0281949 15607.1
382500 4.16853 0.000918955 15532.9
382600 3.04136 0.00608723 15551.9
382700 5.21253 0.000159499 15579
382800 -0.253684 1.5304 15489.2
382900 3.21012 0.00458651 15418.2
383000 1.95562 0.0376148 15426.5
383100 4.1563 0.000938004 15506.3
383200 -0.36936 1.85812 15558.1
383300 -0.503918 2.32861 15593.1
383400 2.34933 0.0194336 15672
383500 -5.2503 6679.7 15767.9
383600 6.4568 1.97846e-05 15794.7
383700 -1.03898 5.71325 15763
383800 2.34323 0.0196335 15671.2
383900 4.65131 0.000408882 15643.4
384000 6.70694 1.30047e-05 15707.3
384100 16.4844 9.80399e-13 15775.1
384200 9.14188 2.1892e-07 15755.5
384300 4.29178 0.000747319 15722
384400 2.35057 0.0193932 15656.1
384500 0.429798 0.486294 15579.9
384600 0.00757677 0.987371 15538
384700 0.794455 0.263786 15554.1
384800 1.90406 0.0410131 15644.1
384900 4.642 0.000415311 15718.2
385000 -2.03962 30.6077 15737.2
385100 1.30832 0.111407 15677.7
385200 1.72465 0.0554144 15716.3
385300 4.3428 0.000686023 15756.1
385400 1.61042 0.0671173 15716.5
385500 6.3304 2.44569e-05 15695.8
385600 2.85778 0.00828237 15706.5
385700 1.42167 0.0921158 15676.5
385800 0.606463 0.361577 15582.7
385900 2.61292 0.0124891 15485.7
386000 1.07482 0.164821 15478.6
386100 3.67942 0.00208737 15509.2
386200 -0.396091 1.94333 15599
386300 0.113384 0.826801 15649.8
386400 1.9745 0.0364425 15642.1
386500 0.747406 0.285448 15585
386600 4.55816 0.000478028 15474.1
386700 1.72671 0.0552227 15300.8
386800 0.956729 0.200927 15188
386900 2.01958 0.0337884 15161
387000 -1.63142 15.4334 15194.8
387100 2.92829 0.00735851 15259.1
387200 5.2629 0.000146575 15339.8
387300 6.4435 2.02307e-05 15413.7
387400 6.04636 3.93841e-05 15491.5
387500 0.854532 0.238499 15537.1
387600 2.35025 0.0194034 15529.5
387700 11.6404 3.31264e-09 15499.4
387800 0.395715 0.514906 15483.9
387900 0.712379 0.302722 15558.6
388000 2.2212 0.024093 15668.3
388100 1.46895 0.0850931 15757.2
388200 5.42127 0.000112381 15800.4
388300 -0.482108 2.24496 15790.2
388400 1.91304 0.0404003 15863.5
388500 -0.711255 3.29714 15962.5
388600 -0.115719 1.21422 16056.4
388700 -1.64154 15.6978 16098.9
388800 1.09678 0.158859 16016.2
388900 -0.0313114 1.05393 15822.1
389000 -4.15449 1062.87 15632.5
389100 1.61545 0.0665538 15442.7
389200 6.24 2.84618e-05 15315
389300 0.787297 0.266973 15304.3
389400 3.50567 0.00279367 15361.8
389500 -2.32819 49.6651 15481.2
389600 7.66537 2.60556e-06 15634.9
389700 4.42499 0.000597676 15745
389800 -0.630187 2.87794 15804.1
389900 -0.164822 1.31847 15799
390000 1.82861 0.0465463 15706.3
390100 4.54187 0.000491268 15647.5
390200 1.25562 0.121702 15662.2
390300 4.78738 0.000325438 15719.7
390400 5.97817 4.41569e-05 15793.3
390500 1.68542 0.0591831 15851.5
390600 5.18782 0.000166247 15857.3
390700 -0.475168 2.21897 15796.7
390800 -0.341122 1.77215 15700.5
390900 -0.86556 4.27116 15617.9
391000 3.74146 0.00188108 15504.3
391100 7.73184 2.33064e-06 15412.2
391200 3.48432 0.00289553 15404.8
391300 4.92728 0.000257367 15490.2
391400 3.91324 0.00141017 15584.8
391500 6.36095 2.32352e-05 15653.1
391600 1.99432 0.035251 15720.7
391700 -0.297972 1.64842 15810.7
391800 0.060246 0.903882 15824.1
391900 8.32078 8.67848e-07 15755.7
392000 9.13757 2.20509e-07 15659.1
392100 2.29072 0.021441 15529.3
392200 6.1269 3.44071e-05 15382.6
392300 5.91263 4.92879e-05 15337.7
392400 6.0599 3.85001e-05 15384.2
392500 0.930624 0.209921 15449.4
392600 -3.45705 329.915 15509.5
392700 1.5961 0.0687486 15586.2
392800 3.84614 0.00157815 15659
392900 1.26814 0.119173 15710.1
393000 3.43719 0.00313376 15710.3
393100 -1.30285 8.89419 15706.9
393200 1.31212 0.110698 15693.9
393300 0.913113 0.216178 15633.9
393400 1.49363 0.0816416 15570.6
393500 1.92539 0.0395718 15584.2
393600 2.32066 0.020391 15592.8
393700 2.28842 0.021524 15622.6
393800 3.58885 0.00242986 15710.1
393900 1.57089 0.071718 15804.7
394000 -0.859801 4.23011 15858.8
394100 0.467021 0.45686 15874.8
394200 1.64093 0.0637689 15918.4
394300 1.40716 0.094385 15992.7
394400 -0.172487 1.33553 15935.7
394500 -2.19538 39.7465 15847
394600 6.0397 3.98267e-05 15801.8
394700 2.32465 0.0202547 15727
394800 0.00312226 0.994776 15676.3
394900 0.787144 0.267041 15636.2
395000 0.0925757 0.85617 15638.5
395100 3.47062 0.00296285 15655.2
395200 0.592261 0.370295 15730.1
395300 -1.44142 11.2215 15811.5
395400 4.75924 0.00034117 15857
395500 -0.722545 3.36018 15858.6
395600 2.17874 0.0258718 15891.6
395700 -2.57629 75.2979 15951.5
395800 2.25133 0.0229057 15961
395900 -0.11234 1.20736 15863.2
396000 -1.82843 21.4773 15688.1
396100 2.56975 0.013427 15587.5
396200 4.83625 0.000299824 15599.2
396300 0.0530737 0.914822 15628.8
396400 -0.123346 1.22986 15680.2
396500 -0.546325 2.50028 15769.1
396600 4.50467 0.000522903 15836.3
396700 1.55662 0.0734563 15848.5
396800 2.75116 0.0099043 15821.9
396900 2.4995 0.0151063 15760.8
397000 -0.989436 5.25761 15706.8
397100 1.3488 0.104092 15738.9
397200 -1.07347 6.05348 15774.5
397300 -1.28283 8.60046 15816.1
397400 7.67766 2.55241e-06 15921.7
397500 4.55875 0.000477551 15977.7
397600 3.28355 0.00405499 15960.7
397700 0.0160878 0.973375 15885.1
397800 9.01967 2.68729e-07 15814.8
397900 3.22669 0.00446073 15777.7
398000 -1.60951 14.8765 15796.4
398100 5.62521 7.98226e-05 15825.9
398200 4.44155 0.000581297 15869.2
398300 5.04288 0.000212003 15860.1
398400 -4.60028 2245.06 15811
398500 0.346144 0.559551 15751.6
398600 4.91375 0.000263274 15705.6
398700 -0.46861 2.1947 15646.9
398800 -1.21643 7.69391 15627.3
398900 0.786546 0.267309 15685.8
399000 1.94471 0.0383098 15782
399100 1.2841 0.116025 15890.2
399200 -1.49803 12.3392 15911.9
399300 5.79832 5.97059e-05 15882.3
399400 1.47831 0.0837675 15870.3
399500 3.2171 0.00453309 15900
399600 -2.6404 83.8467 15886.4
399700 2.51135 0.0148088 15814.8
399800 2.06328 0.0314004 15791.5
399900 -1.66254 16.2605 15859.2
400000 5.87036 5.29099e-05 15898.5
400100 4.97892 0.000236012 15866.1
400200 7.24924 5.23658e-06 15833
400300 -2.08932 33.2686 15778.4
400400 4.42321 0.00059946 15710
400500 -1.13899 6.75674 15682.1
400600 -0.334561 1.75276 15697.9
400700 3.94576 0.00133529 15720.2
400800 0.384406 0.524767 15752.3
400900 0.0865322 0.864894 15770.2
401000 0.840518 0.244172 15757.9
401100 -0.706451 3.27068 15692.5
401200 0.599169 0.366029 15673.2
401300 7.30693 4.75357e-06 15733.7
401400 -1.7899 20.1331 15761.6
401500 1.30869 0.111337 15814.3
401600 2.76785 0.00963086 15850.9
401700 3.70686 0.00199348 15832.1
401800 2.13316 0.0279271 15761.2
401900 2.29134 0.021419 15619.5
402000 0.652241 0.334852 15446
402100 4.31641 0.000717079 15337.1
402200 -0.395565 1.94161 15320.6
402300 3.41712 0.00324102 15338.1
402400 6.63987 1.45533e-05 15398.9
402500 5.94021 4.70598e-05 15468
402600 -0.241725 1.5 15548.8
402700 2.29721 0.0212091 15640
402800 1.93591 0.0388793 15730.5
402900 3.23408 0.00440583 15799.1
403000 2.53363 0.0142656 15806.5
403100 0.957907 0.20053 15796.5
403200 0.504756 0.428838 15815.3
403300 2.35382 0.0192878 15844.1
403400 -5.07175 4950.98 15850.7
403500 -1.33538 9.39293 15783.1
403600 2.46799 0.015926 15669.9
403700 0.935554 0.208192 15543.8
403800 5.14016 0.000180084 15389.5
403900 8.86564 3.47953e-07 15297.4
404000 4.61989 0.000431009 15347.8
404100 5.51546 9.59563e-05 15507.9
404200 -0.576289 2.62916 15664.3
404300 7.75142 2.25535e-06 15704.9
404400 0.857228 0.237423 15633.3
404500 6.65508 1.41866e-05 15605.6
404600 -0.399263 1.9537 15624.1
404700 -1.11417 6.48124 15649.9
404800 0.735671 0.291122 15654.7
404900 2.39878 0.0178866 15660.6
405000 4.53688 0.000495401 15683.1
405100 1.69088 0.0586435 15696.7
405200 -1.11761 6.51872 15695.5
405300 8.12722 1.20075e-06 15696.3
405400 1.83262 0.0462343 15714.3
405500 8.63422 5.1299e-07 15693
405600 0.805146 0.259098 15660.8
405700 6.72969 1.25177e-05 15610.7
405800 10.7183 1.55551e-08 15548.6
405900 5.66654 7.44755e-05 15474.5
406000 2.14376 0.0274351 15428.1
406100 0.528294 0.412237 15433.6
406200 2.34363 0.0196202 15480.8
406300 2.30745 0.0208479 15502.6
406400 1.4201 0.0923593 15517.2
406500 4.33936 0.000689999 15518.3
406600 2.58833 0.0130149 15507.1
406700 -0.198025 1.39399 15479.9
406800 3.72343 0.00193885 15478.1
406900 10.2321 3.51628e-08 15564.2
407000 4.64331 0.000414402 15680.2
407100 7.03649 7.48219e-06 15790.1
407200 4.60905 0.000438914 15828
407300 1.5159 0.0786485 15797.2
407400 0.177267 0.742787 15788.6
407500 0.368602 0.538864 15726
407600 1.22179 0.128809 15562
407700 6.94251 8.75974e-06 15381.6
407800 4.03423 0.00115114 15280.6
407900 4.60845 0.00043936 15238.8
408000 3.46812 0.00297532 15167.1
408100 2.23149 0.0236809 15105.5
408200 4.38788 0.000636058 15105.5
408300 3.0182 0.00632839 15166.9
408400 -2.24987 43.5505 15289.2
408500 -0.900069 4.5257 15417.2
408600 -0.586101 2.67279 15462.1
408700 4.28926 0.000750481 15453.1
408800 6.08289 3.70434e-05 15434
408900 -0.530376 2.43428 15417.9
409000 7.56701 3.07294e-06 15359.6
409100 1.67939 0.0597849 15275.3
409200 4.87512 0.000280899 15206
409300 6.83865 1.04269e-05 15202.4
409400 2.20966 0.024564 15257.4
409500 11.2179 6.72936e-09 15354.9
409600 -0.3495 1.79724 15360
409700 2.85777 0.00828248 15362.4
409800 -2.42558 58.4789 15417.1
409900 -3.70728 501.99 15529.1
410000 1.04116 0.174394 15605.2
410100 5.17676 0.000169362 15594.9
410200 3.30161 0.00393398 15565.5
410300 -0.182101 1.35724 15596.1
410400 9.99097 5.26915e-08 15628.9
410500 0.239328 0.66935 15578.8
410600 8.37026 7.9873e-07 15481.1
410700 1.50784 0.0797193 15447.4
410800 2.90307 0.00767649 15443.3
410900 2.62422 0.0122546 15423.5
411000 2.73456 0.0101839 15461.9
411100 2.26872 0.0222473 15492
411200 5.31874 0.000133469 15473.7
411300 3.1178 0.00535464 15465.3
411400 2.76928 0.00960786 15469.2
411500 3.28893 0.00401856 15533
411600 1.61317 0.0668079 15604.3
411700 2.82926 0.00868821 15619.8
411800 1.57586 0.0711232 15589.4
411900 9.72825 8.18696e-08 15584.6
412000 2.0916 0.0299434 15611.1
412100 -1.22769 7.84072 15596
412200 1.40612 0.0945509 15514.2
412300 7.45522 3.70676e-06 15479.2
412400 -2.26653 44.7847 15543.1
412500 -2.12686 35.4309 15586.3
412600 1.46599 0.0855162 15572.4
412700 10.2816 3.23603e-08 15513.3
412800 6.00632 4.21207e-05 15508.8
412900 3.24337 0.00433764 15536.7
413000 2.29666 0.0212285 15540.8
413100 3.11766 0.0053559 15548.7
413200 3.42214 0.00321386 15572.6
413300 10.7546 1.46356e-08 15616.6
413400 1.41353 0.0933821 15578.7
413500 4.58886 0.000454038 15509.1
413600 4.23353 0.000824021 15481.8
413700 2.66619 0.0114216 15496.9
413800 11.7137 2.92904e-09 15602.4
413900 3.60792 0.00235337 15737.9
414000 1.65029 0.0627754 15720
414100 7.37928 4.21029e-06 15624.6
414200 3.9943 0.00123089 15518.1
414300 2.42665 0.0170697 15481.1
414400 2.60294 0.0126999 15509.2
414500 -0.100738 1.18409 15544.5
414600 3.239 0.00436956 15570.3
414700 3.36181 0.00355612 15546.2
414800 -2.25084 43.6215 15464.3
414900 7.17625 5.91858e-06 15404.9
415000 10.6559 1.72734e-08 15455.4
415100 4.29448 0.000743938 15502.5
415200 7.92311 1.69098e-06 15514.7
415300 3.13628 0.00519125 15504.6
415400 -2.97702 147.473 15510.6
415500 5.6169 8.09431e-05 15544.5
415600 -0.619258 2.82566 15539.1
415700 17.5087 1.75869e-13 15428.7
415800 10.9297 1.09112e-08 15328.9
415900 9.48127 1.23892e-07 15303.1
416000 2.64185 0.0118975 15366.6
416100 3.4015 0.00332707 15482.3
416200 2.96113 0.00696406 15577.7
416300 7.4862 3.51903e-06 15610.8
416400 -0.916618 4.65309 15619.5
416500 2.15443 0.0269482 15666.1
416600 1.0413 0.174352 15722.6
416700 4.01524 0.00118839 15738.3
416800 10.4579 2.40767e-08 15711.9
416900 5.51956 9.52997e-05 15715.5
417000 0.373923 0.534076 15709.9
417100 1.40194 0.0952158 15709.3
417200 3.03968 0.00610436 15709.1
417300 -2.61922 80.9205 15741.6
417400 2.81703 0.0088682 15786.2
417500 0.852741 0.239217 15823.2
417600 4.88298 0.000277221 15826.5
417700 -1.01436 5.4821 15860.7
417800 7.80398 2.06503e-06 15875.2
417900 5.90549 4.9882e-05 15853.6
418000 -1.23351 7.91756 15800
418100 5.45765 0.000105729 15734.8
418200 -0.331624 1.74415 15672.3
418300 3.70414 0.00200261 15672.2
418400 -2.13082 35.6673 15697.3
418500 0.17354 0.747445 15653.9
418600 1.59202 0.0692216 15577.3
418700 5.59037 8.46257e-05 15523.1
418800 0.287986 0.616889 15506.3
418900 -0.664928 3.05063 15553.7
419000 4.0092 0.0012005 15654.1
419100 5.13521 0.000181586 15752.9
419200 4.2561 0.000793413 15818.6
419300 0.900521 0.220793 15888.5
419400 2.31613 0.0205465 15920.2
419500 -0.523525 2.40646 15914.1
419600 -1.93241 25.5698 15869.4
419700 -0.402366 1.96389 15793.5
419800 -3.50386 356.864 15775
419900 -2.02794 30.0137 15759.6
420000 -4.05879 905.239 15748.6
420100 7.06077 7.18365e-06 15756.6
420200 0.49736 0.434191 15765.4
420300 -2.90186 130.005 15757.3
420400 -1.01643 5.50116 15771.7
420500 -3.13428 191.986 15813.8
420600 0.754926 0.28187 15841.5
420700 -0.257211 1.53948 15835.3
420800 -0.363373 1.83955 15733.3
420900 2.81905 0.00883832 15639.6
421000 0.863553 0.234917 15589
421100 1.72456 0.0554226 15527.5
421200 1.81063 0.0479718 15511.5
421300 4.00676 0.00120542 15529.1
421400 0.978613 0.193685 15562.3
421500 -0.938286 4.82532 15586
421600 2.80355 0.00907114 15682.8
421700 3.37943 0.00345257 15814.4
421800 3.81778 0.00165504 15886.4
421900 0.680073 0.319579 15921.9
422000 -0.114512 1.21177 15900.3
422100 1.80332 0.0485632 15902.9
422200 -0.581062 2.65029 15877.6
422300 1.4397 0.0893727 15777.9
422400 -2.08307 32.9217 15658.4
422500 3.10964 0.00542845 15521.6
422600 -0.123769 1.23073 15387.7
422700 1.24954 0.122951 15276.3
422800 5.23525 0.000153533 15205.3
422900 2.59787 0.0128084 15261.3
423000 6.14742 3.32434e-05 15325.4
423100 2.97442 0.00681058 15376.2
423200 0.558259 0.392028 15444.3
423300 1.23701 0.125562 15558.1
423400 3.25761 0.00423531 15704.9
423500 4.10985 0.001014 15811.9
423600 4.86082 0.00028772 15850.2
423700 1.31129 0.110853 15853.8
423800 -4.29036 1334.94 15788.1
423900 1.83192 0.0462886 15727.1
424000 2.1896 0.0254044 15662
424100 5.94402 4.67606e-05 15571.1
424200 2.62926 0.0121513 15556.2
424300 2.9924 0.0066082 15575
424400 1.616 0.066492 15643.6
424500 2.54951 0.0138907 15758.5
424600 2.34632 0.0195319 15827
424700 0.749418 0.284486 15799.2
424800 0.331507 0.573459 15763.9
424900 -1.71759 17.8336 15772.2
425000 -0.442121 2.09932 15869.9
425100 7.12064 6.49721e-06 15864.7
425200 6.31895 2.49315e-05 15811.8
425300 1.72385 0.0554883 15712.6
425400 4.92171 0.000259786 15522.1
425500 5.39357 0.000117725 15370.9
425600 8.35983 8.12824e-07 15337.9
425700 1.58386 0.0701755 15413.3
425800 9.2193 1.92259e-07 15531.9
425900 2.05467 0.0318573 15582.7
426000 2.98056 0.00674082 15601.1
426100 3.8029 0.00169687 15608.3
426200 1.86671 0.0436646 15614.6
426300 -0.732266 3.41542 15554.3
426400 -0.310087 1.68226 15506.5
426500 -5.52948 10669.3 15478.9
426600 -0.417383 2.01399 15478.6
426700 5.8715 5.28087e-05 15498
426800 5.09732 0.000193501 15556.3
426900 4.23913 0.000816322 15625.8
427000 8.94741 3.03358e-07 15657.9
427100 1.37284 0.099978 15623.8
427200 6.33609 2.42248e-05 15565.8
427300 0.150045 0.77749 15575.7
427400 1.77963 0.0505321 15655.9
427500 4.65244 0.000408106 15751.7
427600 1.63273 0.0646515 15780.2
427700 5.16043 0.000174063 15736.6
427800 5.19244 0.000164963 15703.9
427900 0.695067 0.311641 15748.8
428000 -0.567734 2.5917 15767.5
428100 1.45273 0.0874399 15714.9
428200 2.95205 0.00707098 15610.7
428300 9.63188 9.6235e-08 15496.5
428400 7.44337 3.78115e-06 15441.8
428500 1.82486 0.0468401 15474.7
428600 8.24644 9.83109e-07 15544.1
428700 0.895361 0.222712 15649
428800 -0.128691 1.24094 15812.6
428900 6.09712 3.61701e-05 15897.5
429000 1.00034 0.186753 15859.2
429100 4.981 0.000235191 15695.9
429200 1.85985 0.0441703 15510
429300 6.26934 2.70949e-05 15320.6
429400 5.6089 8.20365e-05 15168.5
429500 7.25259 5.20722e-06 15086.7
429600 4.34105 0.000688036 15099
429700 3.05584 0.00594114 15174.6
429800 0.752765 0.282893 15279.1
429900 -3.23214 226.237 15375.9
430000 -2.15853 37.3638 15438.9
430100 2.67608 0.0112336 15498.3
430200 0.568994 0.385032 15545
430300 7.25101 5.22106e-06 15571.6
430400 4.79324 0.000322259 15602.6
430500 4.01216 0.00119456 15621.6
430600 1.77518 0.0509111 15592.6
430700 8.59582 5.47124e-07 15582.5
430800 0.859646 0.236462 15529.2
430900 17.7191 1.23563e-13 15389.6
431000 1.27129 0.118546 15327.6
431100 1.1043 0.156868 15386.3
431200 1.0698 0.166213 15534.5
431300 3.60109 0.00238049 15666.3
431400 3.84582 0.00157901 15741.8
431500 4.71295 0.000368716 15744.4
431600 2.60961 0.0125585 15643.1
431700 5.73278 6.66446e-05 15542.5
431800 5.71948 6.8147e-05 15515.7
431900 3.06218 0.00587831 15515.5
432000 5.81208 5.8344e-05 15566.5
432100 3.92525 0.00138202 15657.4
432200 1.69257 0.058478 15734.4
432300 2.90479 0.00765431 15758.6
432400 5.5257 9.43233e-05 15738.3
432500 2.74277 0.0100446 15651.8
432600 1.75913 0.0523 15599.5
432700 1.62648 0.0653337 15612.6
432800 1.16524 0.141625 15642.6
432900 1.41736 0.0927853 15652.1
433000 3.35523 0.00359555 15662.1
433100 2.74961 0.00993016 15711
433200 2.04543 0.0323545 15780.2
433300 1.50481 0.0801256 15848.7
433400 1.41755 0.0927553 15878
433500 -0.239818 1.49521 15882.3
433600 0.579487 0.378314 15796.5
433700 1.33368 0.106766 15647.4
433800 2.12297 0.0284085 15481.7
433900 1.61685 0.0663974 15373.7
434000 -0.704841 3.26186 15400
434100 -2.35558 51.9995 15489.3
434200 1.58855 0.0696249 15578.7
434300 5.20454 0.00016165 15613
434400 0.719161 0.299297 15644.9
434500 1.8093 0.0480791 15729
434600 -4.57134 2138.7 15811.7
434700 4.19143 0.000884327 15871.1
434800 -0.528067 2.42487 15854.5
434900 0.62661 0.349562 15793.3
435000 -4.59188 2213.66 15721.3
435100 -0.173827 1.33854 15689.2
435200 0.178755 0.740934 15750.4
435300 -0.923917 4.71041 15883.4
435400 -1.9079 24.5398 16042.3
435500 0.0219539 0.963844 16128.2
435600 0.0830517 0.869958 16090.1
435700 -3.78066 567.737 15950
435800 -0.133321 1.25061 15844.5
435900 0.20849 0.704885 15798.7
436000 2.31806 0.0204798 15722.5
436100 0.704178 0.306914 15653.8
436200 0.991141 0.189657 15610.2
436300 3.23255 0.00441714 15604.2
436400 1.55136 0.0741074 15675
436500 4.55447 0.000481 15777.3
436600 2.02254 0.0336211 15847.4
436700 2.89277 0.00781027 15894.7
436800 1.77157 0.0512201 15809.2
436900 -0.813766 3.91576 15675.7
437000 0.754884 0.28189 15605.8
437100 2.90227 0.00768677 15593.9
437200 3.24715 0.00431025 15559
437300 3.13585 0.00519494 15488.9
437400 0.270549 0.635198 15432.9
437500 2.2244 0.0239639 15447.5
437600 -3.1913 211.256 15540.6
437700 1.9286 0.0393594 15625.3
437800 -0.714685 3.31617 15679.3
437900 1.28423 0.116 15697.4
438000 -0.425101 2.04023 15659.2
438100 1.47495 0.0842411 15600
438200 4.3915 0.000632215 15572.6
438300 3.94942 0.00132711 15552.7
438400 1.32323 0.108655 15533
438500 1.82751 0.0466324 15536.5
438600 4.68446 0.000386767 15533.7
438700 -0.0431356 1.07504 15505.4
438800 1.97726 0.0362739 15452.2
438900 2.63749 0.0119847 15370.3
439000 2.30966 0.0207705 15336.6
439100 1.88439 0.0423892 15321.5
439200 3.0466 0.00603389 15362.9
439300 0.942522 0.205773 15447.6
439400 0.766435 0.27648 15539.6
439500 1.19772 0.134115 15636.7
439600 2.58215 0.0131507 15708.3
439700 -0.64881 2.96926 15741.4
439800 4.28108 0.000760857 15749
439900 3.50276 0.00280734 15687.4
440000 -0.234863 1.48284 15610.5
440100 0.897103 0.222062 15624.3
440200 3.97836 0.00126423 15754.4
440300 1.76456 0.0518255 15849.2
440400 -1.13448 6.70577 15871.6
440500 3.93628 0.00135671 15804.6
440600 3.78968 0.00173492 15732.5
440700 -6.11427 28454.2 15644.4
440800 0.33435 0.570731 15564.5
440900 7.14448 6.24253e-06 15522.9
441000 -0.865717 4.27229 15575.7
441100 5.42657 0.000111386 15669.3
441200 5.21757 0.000158157 15693.7
441300 2.12978 0.0280861 15654.2
441400 -2.7968 108.999 15621.1
441500 -0.536273 2.45848 15601.9
441600 -1.14792 6.85866 15554.6
441700 -0.310837 1.68438 15517.9
441800 1.78235 0.0503022 15550.3
441900 -0.975482 5.13597 15582.1
442000 5.12452 0.000184872 15628.8
442100 -2.90351 130.364 15704.6
442200 14.2285 4.31318e-11 15779.8
442300 9.54221 1.11855e-07 15807
442400 4.61592 0.000433887 15785
442500 -0.140249 1.26523 15782.6
442600 4.11611 0.00100341 15765.1
442700 4.63437 0.000420664 15680.5
442800 0.903397 0.21973 15644.8
442900 -2.04474 30.8717 15665.9
443000 -0.998266 5.33606 15743.8
443100 2.28328 0.0217104 15838.6
443200 5.74188 6.56347e-05 15881.1
443300 4.92296 0.000259241 15910
443400 2.3191 0.0204444 15870.4
443500 0.80016 0.261274 15769.7
443600 -1.99899 28.5912 15682.7
443700 -0.763238 3.59755 15638.3
443800 4.83964 0.000298125 15669.1
443900 -4.04965 891.465 15717.1
444000 7.91219 1.72226e-06 15720.7
444100 7.10792 6.63729e-06 15652
444200 0.00458513 0.992338 15570.1
444300 4.45415 0.000569144 15564.4
444400 2.86015 0.00824943 15612.7
444500 -0.456198 2.14948 15693.9
444600 3.37223 0.00349448 15854.7
444700 1.40045 0.0954547 15970.8
444800 3.92552 0.0013814 15993.8
444900 0.381783 0.527081 15903.5
445000 3.22743 0.00445518 15787.9
445100 0.496026 0.435164 15684.5
445200 -2.04323 30.7934 15557.4
445300 9.17664 2.06522e-07 15474.5
445400 2.11627 0.0287299 15378.8
445500 -2.14078 36.2679 15300.1
445600 5.08837 0.000196429 15297.6
445700 2.47727 0.0156801 15334.3
445800 2.77109 0.00957869 15433.8
445900 9.21608 1.93302e-07 15626.7
446000 5.4466 0.000107705 15833.3
446100 -0.760411 3.58053 15940.1
446200 2.63768 0.0119809 15980.4
446300 1.72369 0.0555038 15898.5
446400 4.03779 0.00114429 15755.6
446500 2.49141 0.0153125 15694.5
446600 3.61868 0.00231128 15667.6
446700 5.86773 5.31439e-05 15615
446800 2.74607 0.00998916 15606.8
446900 6.84292 1.03524e-05 15579
447000 2.18789 0.0254774 15564.2
447100 2.24683 0.0230792 15568.4
447200 -2.35546 51.989 15609.4
447300 8.41938 7.35561e-07 15689.9
447400 2.46181 0.0160921 15754.5
447500 1.30041 0.112894 15743.4
447600 0.429434 0.486591 15712.9
447700 2.58315 0.0131285 15633.4
447800 6.8996 9.41352e-06 15567.2
447900 -0.72099 3.35143 15601
448000 0.379449 0.529148 15650.4
448100 2.28635 0.0215989 15674.4
448200 1.1821 0.137677 15714.5
448300 7.10892 6.62624e-06 15757.5
448400 0.903883 0.219551 15765
448500 -1.1276 6.62891 15765.1
448600 7.48872 3.50419e-06 15755.7
448700 3.10271 0.00549195 15704
448800 2.46012 0.0161376 15678.6
448900 -0.59966 2.73428 15682.7
449000 -2.25445 43.8867 15686.1
449100 1.85512 0.0445219 15718.3
449200 2.11332 0.0288724 15805.8
449300 1.45935 0.0864748 15943.3
449400 0.436022 0.481243 16030.1
449500 6.04895 3.92134e-05 15998.6
449600 2.66549 0.011435 15853.6
449700 4.83844 0.000298729 15653
449800 3.43444 0.0031482 15499.4
449900 4.35993 0.000666592 15428.6
450000 1.5229 0.0777311 15422.5
450100 11.5491 3.86052e-09 15451.6
450200 -0.132557 1.24901 15499.4
450300 0.52818 0.412315 15625
450400 2.22652 0.0238792 15716.5
450500 -2.15711 37.2749 15722.1
450600 1.7799 0.0505096 15687
450700 1.06047 0.168836 15620.3
450800 0.997237 0.187728 15587.5
450900 2.4676 0.0159364 15585.4
451000 2.15638 0.0268604 15605.5
451100 7.01543 7.75126e-06 15641.6
451200 1.35683 0.1027 15718.6
451300 3.65801 0.00216371 15745.3
451400 -0.93906 4.83159 15704.4
451500 0.547644 0.399071 15657.1
451600 -0.33848 1.76432 15656.2
451700 -2.95945 143.19 15669.1
451800 3.24823 0.00430248 15668.2
451900 9.8821 6.32483e-08 15612.8
452000 -1.08014 6.1216 15549.4
452100 -3.60459 422.557 15496.5
452200 -0.142543 1.27011 15439
452300 6.89804 9.43826e-06 15449.1
452400 1.71222 0.0565813 15496.7
452500 0.641897 0.340713 15553
452600 6.39307 2.20166e-05 15620.1
452700 -0.669603 3.07465 15656.8
452800 5.53863 9.22995e-05 15705
452900 1.77884 0.0505988 15809.3
453000 -4.02496 855.296 15878.9
453100 6.77305 1.16396e-05 15894.5
453200 0.172889 0.748261 15871.9
453300 1.80653 0.0483029 15857.4
453400 5.84645 5.50748e-05 15866
453500 5.88413 5.17014e-05 15829.5
453600 -2.48715 64.8414 15699.8
453700 0.18592 0.732083 15613.1
453800 0.94028 0.206548 15575.5
453900 3.23053 0.00443214 15515.8
454000 1.99153 0.0354164 15463.3
454100 6.32674 2.46079e-05 15457.6
454200 3.97353 0.00127452 15486
454300 4.10445 0.00102323 15581.9
454400 3.66337 0.00214433 15725.3
454500 -1.25871 8.25939 15815.8
454600 -3.3491 275.274 15851.1
454700 1.10742 0.15605 15853.2
454800 -2.45641 61.5826 15786.5
454900 1.35794 0.10251 15737.4
455000 3.23418 0.00440503 15758.1
455100 2.57705 0.0132636 15793.3
455200 -0.0888289 1.16067 15785
455300 16.4876 9.75057e-13 15781.7
455400 -0.0858853 1.15496 15760.5
455500 1.02915 0.177942 15726
455600 8.47653 6.68322e-07 15645
455700 3.36829 0.00351767 15558.8
455800 -5.72041 14697 15512.7
455900 0.417635 0.496317 15495.6
456000 -0.608701 2.77606 15606.5
456100 1.19319 0.135138 15786.9
456200 0.501777 0.430986 15952.6
456300 1.06707 0.166976 16111.6
456400 1.89155 0.0418832 16176.4
456500 8.95363 3.0021e-07 16151.2
456600 -6.41366 47016.4 16030.3
456700 1.16933 0.140656 15846.6
456800 -1.12705 6.62277 15655.8
456900 14.262 4.0773e-11 15579.4
457000 11.1574 7.447e-09 15581.6
457100 1.92465 0.0396207 15677
457200 -1.98661 28.0037 15801.2
457300 -0.628005 2.86742 15884
457400 2.0745 0.0308148 15930.3
457500 0.284616 0.620386 15911
457600 -2.21296 40.9363 15846.1
457700 -3.1847 208.93 15788.1
457800 0.956916 0.200864 15728.6
457900 1.26983 0.118836 15664.3
458000 3.59359 0.00241061 15616.8
458100 0.235553 0.673602 15574.8
458200 5.13437 0.000181843 15468
458300 2.0956 0.0297431 15384
458400 5.62728 7.95458e-05 15387.1
458500 0.448 0.471671 15454.4
458600 1.66143 0.0616138 15560.8
458700 1.69414 0.0583237 15632.6
458800 3.39892 0.00334151 15613.3
458900 4.42965 0.000593021 15533.8
459000 3.60896 0.00234927 15518.9
459100 4.20369 0.000866316 15525.1
459200 5.65995 7.53035e-05 15510.9
459300 -4.22224 1190.8 15530.3
459400 -0.365309 1.84553 15587.9
459500 1.27073 0.118658 15669.1
459600 1.27469 0.117871 15686.1
459700 1.56757 0.0721189 15693.9
459800 3.22616 0.00446476 15707.2
459900 -0.518282 2.38539 15620.7
460000 -4.6148 2300.42 15580.7
460100 -1.602 14.6903 15583
460200 2.35315 0.0193094 15549.2
460300 1.67694 0.0600312 15563
460400 4.60582 0.000441302 15583.4
460500 2.50504 0.0149663 15563.5
460600 2.16247 0.0265876 15520.9
460700 2.22532 0.023927 15521.9
460800 1.948 0.0380989 15498.3
460900 6.45115 1.99729e-05 15470.4
461000 9.01328 2.71627e-07 15458.9
461100 -6.95488 116552 15404.8
461200 -0.327712 1.73274 15346
461300 -0.433024 2.06753 15338.5
461400 -0.562458 2.56887 15381.7
461500 -0.111332 1.20532 15508.7
461600 3.23277 0.00441546 15658.8
461700 4.32262 0.000709643 15745.3
461800 2.70699 0.0106661 15767.4
461900 1.41836 0.092629 15823.2
462000 2.2172 0.0242551 15887.2
462100 3.23235 0.00441862 15895.6
462200 1.84986 0.0449162 15884.6
462300 0.515488 0.421188 15824.3
462400 6.44438 2.0201e-05 15674.6
462500 2.96073 0.00696878 15517.3
462600 1.3266 0.108042 15483.4
462700 3.6902 0.00204996 15517.9
462800 0.0649259 0.896814 15536.7
462900 -0.109488 1.2016 15627.2
463000 3.29801 0.00395779 15777.4
463100 4.91121 0.000264402 15860.2
463200 4.7638 0.000338571 15841.9
463300 4.53239 0.000499145 15776.5
463400 -1.78691 20.0326 15750.8
463500 7.41907 3.93844e-06 15747.1
463600 3.5688 0.00251295 15753.8
463700 0.753589 0.282503 15748.7
463800 -2.03286 30.2624 15666.8
463900 -0.632548 2.88936 15603.3
464000 5.03216 0.00021585 15640.5
464100 1.8166 0.0474934 15747.5
464200 -0.260644 1.54837 15852.8
464300 -1.99839 28.5623 15902.2
464400 -1.24535 8.07645 15911.7
464500 0.0663795 0.89463 15911.9
464600 -1.58223 14.2111 15916.5
464700 3.97035 0.00128133 15875
464800 3.72033 0.00194893 15824
464900 3.37118 0.00350066 15805.3
465000 1.14611 0.146243 15834.5
465100 1.88492 0.0423513 15860.6
465200 0.763494 0.277848 15893.9
465300 4.0959 0.00103801 15960.1
465400 0.790237 0.265659 16051.5
465500 1.16249 0.14228 16074.6
465600 0.645481 0.338671 16047.6
465700 -3.62457 436.958 16031.1
465800 4.35156 0.000676014 15995
465900 2.30055 0.0210904 15957.5
466000 1.02731 0.178491 15882.3
466100 2.65236 0.0116897 15821.6
466200 2.25561 0.0227416 15821.7
466300 3.88077 0.0014891 15842.8
466400 1.04943 0.171993 15832.4
466500 1.33938 0.10575 15828.5
466600 -1.61348 14.976 15886.8
466700 1.07763 0.164045 15973.7
466800 -1.30519 8.92917 15955.6
466900 -0.715748 3.32209 15878.3
467000 -3.84225 629.529 15839.5
467100 7.00224 7.92465e-06 15776.4
467200 -0.094877 1.17251 15687.7
467300 0.0344829 0.9438 15630.2
467400 -0.0874547 1.158 15538.9
467500 2.07818 0.0306254 15418.7
467600 2.63041 0.0121279 15351
467700 2.14593 0.0273355 15344.2
467800 -1.4916 12.2069 15404.7
467900 1.47923 0.0836388 15524.7
468000 -1.53209 13.0648 15683.5
468100 0.559122 0.391461 15797.1
468200 9.44221 1.32282e-07 15791.6
468300 -2.75644 101.865 15721.3
468400 3.02294 0.00627817 15701.3
468500 3.63328 0.00225535 15687
468600 0.353993 0.552232 15713.9
468700 -1.80038 20.4903 15734.5
468800 4.57334 0.00046601 15735.4
468900 15.0522 1.08322e-11 15685
469000 6.29181 2.60926e-05 15597.8
469100 1.12711 0.150979 15486
469200 1.56626 0.0722774 15394.9
469300 7.89395 1.77574e-06 15344.5
469400 1.68614 0.0591114 15316.5
469500 2.07868 0.0305996 15424.4
469600 0.0866661 0.864699 15641.1
469700 1.39299 0.0966564 15800
469800 -1.03423 5.66789 15883.4
469900 1.22594 0.127916 15899.2
470000 6.88607 9.62952e-06 15917.2
470100 -2.05587 31.4534 15886
470200 3.43212 0.00316052 15827.7
470300 2.19086 0.025351 15760.7
470400 7.11494 6.55966e-06 15692
470500 -2.25325 43.7982 15653.4
470600 0.67042 0.324795 15672.7
470700 4.5174 0.000511857 15636.4
470800 7.60136 2.90089e-06 15557.8
470900 6.13962 3.36811e-05 15477.9
471000 4.71295 0.000368718 15384.9
471100 -1.2151 7.67681 15357.6
471200 6.66174 1.40292e-05 15358.6
471300 8.09675 1.26371e-06 15397.5
471400 1.3767 0.0993337 15506.9
471500 0.374305 0.533734 15606.4
471600 -0.481562 2.2429 15629.8
471700 4.50716 0.000520722 15585.9
471800 -1.09866 6.31475 15567.7
471900 5.58558 8.53088e-05 15638.1
472000 0.419802 0.494517 15732.9
472100 0.904928 0.219167 15764.7
472200 1.35013 0.103861 15726.6
472300 4.2481 0.00080413 15639.7
472400 4.57062 0.000468144 15584.4
472500 11.0472 8.96032e-09 15515.8
472600 4.27787 0.000764966 15457.2
472700 -0.312179 1.68818 15490.8
472800 2.7021 0.0107538 15578.4
472900 1.49411 0.0815765 15721.7
473000 3.23359 0.00440943 15837.2
473100 1.68431 0.0592938 15843.4
473200 1.4867 0.0825966 15787.1
473300 1.39476 0.0963689 15676.4
473400 -1.40204 10.5043 15594.6
473500 -0.0534928 1.09388 15588.1
473600 4.52851 0.000502405 15619.8
473700 7.34555 4.45537e-06 15616.8
473800 6.3594 2.32957e-05 15562.7
473900 6.70273 1.3097e-05 15558.7
474000 1.13527 0.148927 15568.7
474100 -1.1309 6.6657 15576.8
474200 -1.93783 25.8034 15580.4
474300 -1.10362 6.36751 15607.7
474400 2.21073 0.0245199 15624.3
474500 6.68749 1.3436e-05 15591.8
474600 14.5756 2.40959e-11 15519.9
474700 1.85515 0.0445197 15523
474800 11.0851 8.4074e-09 15520.2
474900 -0.551645 2.52269 15490.4
475000 -1.70006 17.3168 15450
475100 3.11383 0.00539047 15445
475200 4.87857 0.000279282 15487.2
475300 7.52896 3.27549e-06 15552.1
475400 -1.02011 5.53517 15630.2
475500 -2.75929 102.352 15677.8
475600 1.74214 0.0538119 15695
475700 0.458379 0.46353 15686
475800 -3.75696 545.613 15666.7
475900 2.89438 0.00778918 15719.5
476000 8.9359 3.09272e-07 15743.6
476100 -4.53627 2016.52 15706.1
476200 5.10085 0.000192358 15631.9
476300 -0.925955 4.72654 15578.6
476400 -0.384642 1.90636 15554.9
476500 0.176706 0.743485 15514.5
476600 0.328066 0.576779 15468.7
476700 6.19599 3.06424e-05 15456.4
476800 1.10673 0.156231 15455.4
476900 3.64043 0.00222845 15475.1
477000 2.93193 0.00731362 15542.2
477100 2.97682 0.00678315 15623.6
477200 3.71911 0.00195293 15689.9
477300 3.04925 0.00600713 15702.6
477400 0.258289 0.648396 15609.3
477500 4.09554 0.00103863 15511.3
477600 13.2719 2.14598e-10 15437.2
477700 3.96397 0.00129512 15436.6
477800 3.26469 0.00418533 15516.4
477900 0.86263 0.235281 15565.6
478000 2.40219 0.0177846 15602.4
478100 -1.31398 9.06177 15652.3
478200 3.30861 0.00388803 15691
478300 0.13294 0.80012 15687.1
478400 1.18647 0.136672 15589.3
478500 2.94711 0.00712975 15534.3
478600 8.65472 4.95647e-07 15479.9
478700 0.97096 0.196187 15466.5
478800 1.58291 0.0702873 15459.2
478900 3.36675 0.00352675 15505.6
479000 1.77739 0.050722 15623.2
479100 3.1378 0.00517803 15694.9
479200 0.487893 0.441142 15728.2
479300 2.86803 0.00814109 15794.4
479400 3.37959 0.00345164 15758.4
479500 1.15803 0.143348 15606
479600 -1.07048 6.02321 15463
479700 -1.3274 9.26806 15407.3
479800 0.485143 0.443181 15419.7
479900 2.2392 0.0233766 15491.6
480000 2.76462 0.00968326 15597.8
480100 2.22111 0.0240967 15644
480200 3.50095 0.00281589 15526.2
480300 5.99683 4.27964e-05 15370
480400 6.54527 1.70559e-05 15334.5
480500 5.95154 4.61741e-05 15345.5
480600 7.37333 4.25255e-06 15373.7
480700 4.09743 0.00103535 15422.1
480800 3.12381 0.00530095 15539
480900 3.70526 0.00199882 15650.3
481000 0.556565 0.393144 15682.8
481100 5.06834 0.00020314 15670.8
481200 -3.62524 437.448 15695.2
481300 8.13835 1.17853e-06 15677.9
481400 0.56281 0.389047 15578.4
481500 10.8967 1.15328e-08 15494.7
481600 5.81576 5.79844e-05 15439.6
481700 -4.22034 1187 15379.3
481800 10.9896 9.8685e-09 15331.5
481900 -3.69981 495.74 15334.1
482000 0.653277 0.33427 15408.4
482100 -0.300907 1.65656 15443.9
482200 5.02786 0.000217411 15458.8
482300 -4.13813 1034.09 15507
482400 1.59466 0.0689153 15592
482500 -5.65826 13242 15661.2
482600 7.30026 4.80702e-06 15678.4
482700 -2.22741 41.9404 15616.4
482800 5.90715 4.9743e-05 15587.5
482900 3.96821 0.00128595 15622
483000 2.75936 0.00976893 15649.6
483100 2.25123 0.0229095 15685.6
483200 0.269876 0.635916 15766.7
483300 1.05856 0.169376 15810
483400 0.928329 0.210731 15822.4
483500 -3.58722 410.427 15760.5
483600 3.64776 0.00220122 15700.5
483700 3.07615 0.00574218 15614
483800 5.17194 0.000170737 15503.9
483900 -2.54229 71.1247 15450.6
484000 0.983991 0.191946 15443.6
484100 1.20659 0.132134 15409
484200 -1.98438 27.8991 15424.7
484300 -2.69426 91.7757 15429.9
484400 6.17693 3.16378e-05 15385.8
484500 8.54643 5.94377e-07 15341.4
484600 4.43563 0.000587104 15344.7
484700 6.18533 3.11949e-05 15487.6
484800 5.37911 0.000120616 15674.3
484900 4.03546 0.00114877 15811.8
485000 -1.50723 12.5313 15869.3
485100 1.89286 0.0417907 15825.7
485200 -0.162689 1.31376 15692.9
485300 6.79392 1.12393e-05 15518.4
485400 1.44959 0.0879019 15436.6
485500 -2.29678 47.1156 15413
485600 -7.4314 259211 15374.8
485700 1.37964 0.0988447 15389.4
485800 2.77597 0.00950052 15464.2
485900 1.39691 0.0960222 15581.7
486000 4.14527 0.000955513 15720.9
486100 -3.08862 177.833 15813.4
486200 -1.34563 9.55581 15804.1
486300 -0.661719 3.03425 15720.8
486400 0.696258 0.311019 15599
486500 -0.681065 3.13433 15530.2
486600 0.583209 0.37596 15473.2
486700 -3.22034 221.802 15520.2
486800 1.66358 0.0613912 15659.8
486900 -1.38009 10.1244 15760.6
487000 -0.933543 4.78708 15749.2
487100 1.404 0.0948881 15740.3
487200 -1.90774 24.5334 15766.1
487300 -1.78349 19.918 15835.5
487400 7.16357 6.04582e-06 15868.2
487500 9.73715 8.06571e-08 15799.3
487600 0.178022 0.741847 15661.9
487700 2.45202 0.0163584 15590.8
487800 1.42359 0.0918206 15568.6
487900 -2.00093 28.6842 15554.6
488000 2.9851 0.00668959 15549.8
488100 0.251232 0.656117 15592.5
488200 -2.91644 133.224 15629.6
488300 1.79163 0.049525 15598.2
488400 -2.4135 57.3057 15508.9
488500 5.2539 0.000148805 15407.3
488600 5.09369 0.000194682 15375.8
488700 2.29586 0.0212571 15393.4
488800 5.84097 5.55836e-05 15399.4
488900 5.14734 0.000177929 15392.7
489000 8.25564 9.68043e-07 15388.7
489100 7.37931 4.21011e-06 15392.2
489200 1.35226 0.10349 15457.4
489300 7.94667 1.62546e-06 15572.9
489400 -2.1834 38.9555 15685.5
489500 0.125621 0.810004 15725.7
489600 7.67999 2.54244e-06 15770.2
489700 2.54826 0.0139199 15760
489800 11.3431 5.45433e-09 15624.3
489900 0.943908 0.205295 15504.8
490000 3.40205 0.00332402 15421
490100 -1.20112 7.49885 15381.1
490200 -0.727057 3.3857 15389
490300 -0.629222 2.87328 15455.3
490400 6.81052 1.09306e-05 15492.8
490500 3.47165 0.00295773 15488.5
490600 8.05213 1.36193e-06 15491.9
490700 3.03103 0.00619363 15448.6
490800 4.25676 0.00079253 15433.3
490900 6.3994 2.1784e-05 15464.9
491000 5.27434 0.00014379 15456.7
491100 0.540828 0.40366 15450.8
491200 4.72031 0.000364188 15542.9
491300 -1.56948 13.9106 15683.7
491400 6.9855 8.15027e-06 15780
491500 1.79311 0.0494027 15869.1
491600 4.63201 0.000422336 15899.4
491700 1.63695 0.0641964 15846.7
491800 0.581277 0.37718 15748.6
491900 0.00670592 0.988815 15637.4
492000 -4.41159 1635.97 15619.3
492100 6.80403 1.10502e-05 15707.1
492200 4.66871 0.000397119 15817
492300 0.312007 0.592527 15909.1
492400 2.36431 0.0189512 15948.8
492500 0.289129 0.615707 15869.2
492600 3.11741 0.00535817 15694.2
492700 0.356741 0.549692 15569.6
492800 4.90888 0.000265435 15507.7
492900 1.21089 0.131186 15512.1
493000 2.98973 0.00663792 15519.4
493100 -2.07551 32.5068 15518.6
493200 4.495 0.000531449 15518.8
493300 -1.85336 22.3946 15478.3
493400 4.1851 0.000893762 15434.3
493500 1.40764 0.09431 15377.4
493600 -0.176688 1.34498 15339.3
493700 -2.92795 135.82 15355.2
493800 1.98194 0.0359906 15455.8
493900 3.30478 0.00391309 15584.1
494000 0.546358 0.399933 15637.9
494100 3.18024 0.00482219 15670
494200 8.30451 8.91858e-07 15684.6
494300 1.28067 0.116696 15659.3
494400 1.81955 0.0472596 15606.2
494500 -0.0461311 1.08045 15500.4
494600 4.87617 0.000280409 15446.6
494700 7.45425 3.71275e-06 15460.2
494800 1.36596 0.10114 15513.7
494900 -1.42085 10.841 15595.3
495000 -4.38608 1567.43 15671
495100 1.15146 0.144936 15772.5
495200 3.84997 0.00156804 15853.6
495300 0.374106 0.533912 15919.7
495400 4.05661 0.00110873 15960.8
495500 0.681893 0.318605 15942.3
495600 -2.94178 139.009 15956.6
495700 0.948899 0.203583 16047.2
495800 1.78269 0.0502737 16087.3
495900 3.0803 0.00570234 16026.1
496000 -0.7551 3.54877 15955.6
496100 2.69383 0.0109041 15873.1
496200 -5.45625 9436.01 15765
496300 0.81093 0.256596 15788.1
496400 1.32988 0.107449 15866.9
496500 1.63314 0.0646081 15928.1
496600 -1.09638 6.2906 15937
496700 -1.02617 5.5918 16023
496800 1.56971 0.0718613 16130
496900 -2.05257 31.2796 16173.8
497000 1.84858 0.0450127 16137.9
497100 -4.07236 926.081 16002.9
497200 3.75811 0.00182927 15914.3
497300 3.33413 0.00372511 15896.7
497400 -2.5799 75.7562 15833
497500 3.08305 0.00567608 15797.9
497600 -1.52025 12.8079 15848.5
497700 3.89116 0.00146336 15884.1
497800 0.128016 0.806757 15869.2
497900 5.66575 7.45743e-05 15812.6
498000 -1.46097 11.5957 15772.7
498100 -1.48927 12.1593 15755.1
498200 0.71416 0.301819 15728.7
498300 4.20823 0.000859743 15707.8
498400 1.9924 0.0353647 15729.7
498500 -1.05878 5.90613 15798.9
498600 0.416105 0.497593 15881.2
498700 3.56946 0.00251018 15976
498800 3.39876 0.00334237 15971.3
498900 5.02615 0.000218038 15880.4
499000 0.219322 0.692193 15762.1
499100 0.760246 0.279365 15613.6
499200 -1.47831 11.9377 15545.7
499300 3.46681 0.00298186 15584.3
499400 1.25587 0.121652 15679.3
499500 1.39786 0.0958689 15730.3
499600 4.64446 0.000413606 15722.1
499700 0.645341 0.33875 15690.5
499800 -1.48235 12.019 15657.1
499900 2.99425 0.00658778 15609.7
500000 5.01705 0.000221389 15596.7
500100 0.869082 0.232749 15659.3
500200 2.31441 0.0206056 15702.1
500300 1.60047 0.068247 15740.9
500400 3.32212 0.00380094 15741.8
500500 0.19894 0.716268 15746.6
500600 2.44928 0.0164337 15737.5
500700 -3.71658 509.882 15728
500800 7.54352 3.19642e-06 15712.3
500900 3.07933 0.00571156 15628
501000 3.37699 0.00346668 15544.1
501100 -4.06227 910.534 15510.2
501200 0.393071 0.517194 15555.7
501300 4.64412 0.000413839 15632
501400 1.27686 0.117443 15696.1
501500 3.95369 0.00131765 15748.8
501600 6.25113 2.79351e-05 15727.9
501700 -0.348393 1.7939 15736.1
501800 7.12958 6.40054e-06 15772.9
501900 4.46361 0.000560183 15764.1
502000 3.66297 0.00214576 15747.2
502100 0.132037 0.801333 15740.8
502200 4.1867 0.000891366 15707.4
502300 4.12384 0.000990488 15697.1
502400 0.0158782 0.973717 15696.3
502500 5.03089 0.000216312 15748.6
502600 1.68463 0.0592614 15789.6
502700 2.38968 0.0181617 15679.7
502800 3.29685 0.00396553 15540.2
502900 -0.7544 3.54461 15442.2
503000 2.82911 0.00869043 15429.4
503100 2.32896 0.0201091 15429.6
503200 -0.0832792 1.14992 15498.2
503300 2.51219 0.014788 15706.8
503400 2.15837 0.0267707 15909.9
503500 -1.26519 8.34963 15994.3
503600 2.44606 0.0165228 16001.2
503700 0.820811 0.252379 15975.2
503800 2.14133 0.027547 15952.6
503900 2.65255 0.0116858 15916.1
504000 3.58202 0.00245785 15833.4
504100 -2.3959 55.6381 15746
504200 3.50327 0.00280494 15651.7
504300 2.3641 0.0189578 15540.3
504400 3.7525 0.00184655 15410.2
504500 2.34119 0.0197006 15328.3
504600 -5.54072 10872.4 15285.3
504700 -2.25749 44.1107 15337.7
504800 8.46363 6.82941e-07 15446.5
504900 6.36312 2.31511e-05 15567.8
505000 3.45808 0.00302582 15662.8
505100 2.05563 0.031806 15715.4
505200 4.00113 0.00121685 15722.5
505300 0.355024 0.551278 15695.3
505400 2.0325 0.0330642 15655.7
505500 0.792576 0.264619 15596.4
505600 1.35545 0.102938 15551.2
505700 2.83972 0.00853709 15510.1
505800 1.86323 0.0439204 15501.2
505900 2.20643 0.0246975 15577.2
506000 6.37741 2.26027e-05 15680.6
506100 3.48477 0.00289336 15767.8
506200 2.27015 0.0221939 15790.1
506300 1.23371 0.126259 15730.9
506400 5.30211 0.000137245 15653.9
506500 1.40944 0.0940253 15637.5
506600 5.98506 4.36496e-05 15646.5
506700 1.40537 0.0946689 15697.9
506800 3.04378 0.00606253 15807.2
506900 1.42601 0.0914484 15894
507000 2.13274 0.027947 15863.7
507100 2.00437 0.0346616 15761.3
507200 2.69716 0.0108434 15647.7
507300 10.1878 3.78738e-08 15565.6
507400 0.601541 0.364575 15522.1
507500 0.266927 0.639069 15577
507600 -2.08776 33.1816 15647.1
507700 3.43407 0.00315016 15718.8
507800 3.79549 0.00171808 15724.2
507900 4.55833 0.000477896 15655.3
508000 -2.32899 49.7314 15610
508100 0.169645 0.752344 15596.8
508200 -0.513486 2.36628 15621.7
508300 -0.888348 4.43759 15626
508400 5.80148 5.93904e-05 15600.5
508500 4.25532 0.000794452 15534.8
508600 1.73454 0.0545023 15496.4
508700 1.56413 0.072537 15500.1
508800 -1.8652 22.8437 15544.9
508900 5.17253 0.000170567 15654.4
509000 4.04339 0.00113359 15810.6
509100 0.53042 0.410769 15916.1
509200 -0.795135 3.79528 15895
509300 4.93987 0.000251989 15851.1
509400 2.56505 0.0135332 15829
509500 1.96408 0.0370852 15759.9
509600 -3.47133 337.916 15660.3
509700 0.443338 0.475374 15576.5
509800 3.71002 0.00198295 15493.2
509900 7.01375 7.77314e-06 15463.1
510000 5.64915 7.66807e-05 15525
510100 0.48114 0.446167 15554.1
510200 -0.858693 4.22225 15563.3
510300 5.98513 4.36441e-05 15577.7
510400 3.13277 0.00522192 15567.3
510500 1.01373 0.182606 15522.2
510600 1.78654 0.0499501 15503.4
510700 -0.0922443 1.16734 15448.6
510800 3.54832 0.00260079 15401.5
510900 2.24164 0.023281 15409.3
511000 5.93075 4.78131e-05 15438.3
511100 5.64463 7.72639e-05 15450.3
511200 -3.24274 230.294 15510.3
511300 -0.670002 3.07671 15555.5
511400 7.90056 1.75618e-06 15562.1
511500 3.35184 0.00361609 15618.2
511600 6.7815 1.14759e-05 15679.9
511700 9.21907 1.92333e-07 15686.6
511800 7.61165 2.85125e-06 15628.6
511900 1.95333 0.03776 15556.9
512000 0.733465 0.292202 15483.3
512100 8.25352 9.715e-07 15471
512200 4.51745 0.000511808 15485.3
512300 6.24611 2.81716e-05 15458.1
512400 0.841442 0.243794 15395.5
512500 5.36119 0.000124297 15387.4
512600 2.2359 0.0235062 15369.3
512700 12.7769 4.92307e-10 15365
512800 2.50737 0.0149082 15390.9
512900 2.19306 0.0252574 15420.4
513000 6.67036 1.38276e-05 15475.2
513100 -6.36535 43356.4 15547.1
513200 0.732226 0.292809 15623.1
513300 -1.53738 13.1812 15652.4
513400 0.841194 0.243896 15623.2
513500 3.67368 0.00210759 15509.7
513600 4.9549 0.000245717 15397.8
513700 -3.43311 316.933 15415.6
513800 2.3958 0.0179763 15501.1
513900 2.48759 0.015411 15607.7
514000 -0.120856 1.22473 15659.9
514100 5.92652 4.81534e-05 15685.5
514200 1.84494 0.0452886 15717.3
514300 4.77394 0.000332862 15659.8
514400 2.75052 0.00991487 15599.3
514500 3.63516 0.00224823 15511.8
514600 3.61244 0.0023356 15375.4
514700 3.07366 0.00576617 15303.6
514800 4.43375 0.000588957 15325
514900 3.94802 0.00133024 15385.1
515000 3.10065 0.00551095 15543.6
515100 -0.34232 1.77572 15681.9
515200 -3.0552 168.138 15703.3
515300 2.56786 0.0134697 15607.4
515400 1.73122 0.0548065 15519
515500 -0.0234233 1.04007 15552.8
515600 6.85017 1.02273e-05 15645.4
515700 2.18849 0.0254518 15744.3
515800 0.888473 0.2253 15811.5
515900 0.475725 0.450238 15836.1
516000 1.82288 0.0469958 15818.7
516100 2.17319 0.0261134 15788.5
516200 1.3885 0.0973872 15768.7
516300 -1.75453 18.9735 15728.6
516400 4.44992 0.0005732 15657.9
516500 0.512367 0.423398 15597.8
516600 0.269428 0.636394 15551.8
516700 1.50745 0.0797713 15554.5
516800 -1.52497 12.9097 15550.5
516900 -1.43698 11.1382 15564.9
517000 8.52461 6.16534e-07 15609.8
517100 5.52977 9.36814e-05 15574
517200 1.87996 0.0427048 15529
517300 1.49076 0.0820362 15530.5
517400 1.82473 0.0468503 15544.8
517500 0.155861 0.769941 15541.6
517600 7.08066 6.94792e-06 15520.9
517700 3.86639 0.00152545 15493.8
517800 2.6512 0.0117123 15441.4
517900 -0.909853 4.60059 15406.4
518000 6.67209 1.37876e-05 15436
518100 2.22308 0.0240171 15590
518200 5.19331 0.000164724 15749.6
518300 2.07765 0.0306527 15838.6
518400 -1.0271 5.60049 15853.8
518500 -1.98362 27.8636 15772.7
518600 16.4139 1.10349e-12 15616.5
518700 0.69243 0.313023 15447.1
518800 5.70091 7.03037e-05 15423.3
518900 0.651709 0.335151 15507.7
519000 1.65273 0.062519 15551.9
519100 1.19503 0.134723 15576.1
519200 0.584192 0.375341 15608.9
519300 0.726857 0.295459 15578.7
519400 2.61295 0.0124885 15468.2
519500 -0.935702 4.80445 15468
519600 0.477151 0.449162 15545.4
519700 -1.07787 6.09838 15646.9
519800 3.86493 0.0015292 15698.1
519900 10.0508 4.7663e-08 15711.9
520000 5.58646 8.51831e-05 15695.7
520100 2.52601 0.0144491 15688.4
520200 7.37496 4.24094e-06 15705.9
520300 2.87522 0.00804352 15747.4
520400 8.26074 9.59802e-07 15768.8
520500 1.02135 0.180287 15738
520600 2.52783 0.0144052 15707.3
520700 1.81715 0.0474497 15614
520800 0.650534 0.335812 15533.2
520900 4.24753 0.000804905 15501.6
521000 4.16677 0.00092167 15524.8
521100 1.86356 0.043896 15646.2
521200 6.92283 9.05379e-06 15766.4
521300 1.72553 0.0553327 15844.9
521400 3.59087 0.00242162 15884.1
521500 6.1893 3.0988e-05 15888
521600 0.361976 0.544887 15852.9
521700 0.225612 0.684928 15748.8
521800 0.0381459 0.938018 15635.1
521900 5.7113 6.90893e-05 15559.6
522000 2.70017 0.0107886 15496
522100 4.57146 0.000467481 15434.5
522200 5.56795 8.78695e-05 15418.1
522300 -3.19573 212.834 15468.3
522400 2.80344 0.00907271 15540
522500 -1.31571 9.08806 15582.8
522600 2.70929 0.0106249 15625.5
522700 -5.24758 6649.28 15702
522800 0.0186038 0.969276 15713.6
522900 6.98736 8.12499e-06 15707.6
523000 0.81152 0.256343 15704.9
523100 -2.12793 35.4949 15747.3
523200 -1.40744 10.5998 15724.5
523300 0.767012 0.276213 15612
523400 0.763369 0.277906 15491.8
523500 5.39259 0.000117919 15433.7
523600 -2.8442 118.021 15506.9
523700 -0.185242 1.36441 15658
523800 -0.221647 1.45033 15741
523900 1.695 0.0582394 15739.3
524000 5.12963 0.000183294 15668
524100 -1.73722 18.4304 15490.5
524200 -2.95852 142.967 15350
524300 2.4007 0.0178289 15307.7
524400 1.81921 0.0472861 15350.5
524500 1.88085 0.0426414 15467.6
524600 8.08632 1.286e-06 15623.4
524700 0.623303 0.351507 15762.8
524800 1.98008 0.036103 15838.5
524900 4.3103 0.000724456 15827.9
525000 1.79997 0.0488372 15767.7
525100 1.50668 0.079875 15670.8
525200 2.4637 0.0160412 15594.7
525300 1.10931 0.155557 15545.6
525400 4.90261 0.000268242 15475.7
525500 -0.871267 4.31225 15417.3
525600 -2.5233 68.8945 15383.9
525700 2.00074 0.0348732 15399.3
525800 11.1411 7.65418e-09 15435.5
525900 5.04308 0.000211931 15496.6
526000 1.92502 0.0395965 15530.8
526100 0.972585 0.195654 15507.5
526200 5.68841 7.17939e-05 15473.3
526300 0.919651 0.21382 15447.7
526400 4.58914 0.000453821 15427.9
526500 0.905684 0.218889 15404.5
526600 -3.79275 579.37 15438.1
526700 -0.0177675 1.03025 15522.6
526800 7.88639 1.79843e-06 15605.9
526900 2.3509 0.0193825 15666.9
527000 2.09146 0.0299504 15737.5
527100 1.81049 0.0479829 15809.9
527200 2.66887 0.0113702 15870.2
527300 4.00277 0.00121351 15901.5
527400 10.6148 1.85036e-08 15867.9
527500 1.22715 0.127656 15739.2
527600 4.22867 0.000830767 15558.5
527700 -1.93213 25.5577 15446.3
527800 0.138789 0.792308 15424.6
527900 2.89762 0.00774691 15473.3
528000 8.25668 9.66361e-07 15525.7
528100 9.02548 2.66121e-07 15619.2
528200 2.44556 0.0165367 15687.8
528300 3.75188 0.0018485 15727.1
528400 1.48144 0.0833288 15779.1
528500 0.702896 0.307575 15782
528600 4.75005 0.000346469 15806.6
528700 5.9705 4.47289e-05 15833.8
528800 1.86834 0.0435458 15823.7
528900 3.63439 0.00225116 15782.5
529000 -1.82053 21.1947 15710.6
529100 8.25245 9.7324e-07 15626.2
529200 2.99938 0.00653125 15592.7
529300 1.91635 0.0401764 15604.1
529400 2.67695 0.0112173 15644.9
529500 14.0445 5.87231e-11 15676.9
529600 2.34754 0.019492 15687.8
529700 2.88373 0.00792961 15689.2
529800 -0.14076 1.26631 15655.4
529900 7.53355 3.25036e-06 15608.3
530000 1.23547 0.125886 15534.3
530100 -0.454999 2.14516 15473
530200 5.62994 7.91915e-05 15456.9
530300 2.03742 0.0327923 15442.5
530400 2.07542 0.0307672 15442.3
530500 4.02739 0.00116442 15487.1
530600 4.04945 0.00112213 15522.2
530700 3.12799 0.00526393 15547.2
530800 4.27429 0.000769571 15590.2
530900 1.20086 0.133412 15633.6
531000 0.72437 0.296694 15674.3
531100 3.50674 0.00278868 15747.9
531200 -2.73286 97.9137 15773.2
531300 -2.16407 37.7127 15705.7
531400 0.534983 0.407637 15591.1
531500 9.9283 5.85318e-08 15525.6
531600 3.85921 0.00154392 15494
531700 5.89188 5.10338e-05 15522.3
531800 -1.39034 10.3 15587
531900 5.10738 0.000190262 15601.2
532000 2.93824 0.00723673 15578.8
532100 -1.25878 8.26039 15599.3
532200 -0.237297 1.4889 15598.8
532300 5.09075 0.000195646 15573.4
532400 2.84277 0.00849348 15624.3
532500 2.48353 0.0155163 15694.5
532600 -5.07842 5006.68 15768.3
532700 0.238088 0.670743 15837.7
532800 -6.11537 28507.1 15850.3
532900 8.41716 7.38303e-07 15800
533000 6.26296 2.73861e-05 15791.5
533100 2.29936 0.0211328 15742.2
533200 1.74559 0.0535018 15650.3
533300 3.28696 0.00403184 15596.1
533400 2.2342 0.0235735 15559
533500 1.13059 0.150101 15559.7
533600 1.33076 0.107291 15629.7
533700 -1.90111 24.2619 15743.9
533800 2.55943 0.0136615 15832.9
533900 -0.465821 2.18446 15834.7
534000 6.82462 1.06751e-05 15803.2
534100 5.13092 0.000182897 15784
534200 1.2717 0.118463 15850.3
534300 3.71699 0.0019599 15999.8
534400 -5.18694 6006.23 16013.3
534500 -0.808838 3.88352 15963.7
534600 1.29804 0.113345 15846.2
534700 1.33482 0.106563 15631.8
534800 4.13516 0.000971853 15515.9
534900 4.37646 0.000648366 15517.6
535000 6.95187 8.62336e-06 15544.6
535100 4.39142 0.000632291 15618.2
535200 0.69929 0.309441 15675.5
535300 -2.69583 92.0165 15704.6
535400 -0.0947362 1.17223 15707.4
535500 -0.521382 2.39783 15685.9
535600 3.39555 0.00336047 15608
535700 5.70742 6.954e-05 15521.9
535800 3.16504 0.00494673 15498.7
535900 -1.76938 19.4519 15578.2
536000 5.78805 6.0743e-05 15663.4
536100 3.12196 0.00531746 15694.6
536200 1.23059 0.126921 15707.2
536300 0.0631471 0.899494 15718.1
536400 0.536145 0.406843 15674.8
536500 2.8422 0.00850167 15593
536600 1.3239 0.108532 15565.4
536700 0.586871 0.373658 15651.8
536800 8.6349 5.12401e-07 15738.3
536900 -0.908644 4.59126 15761.5
537000 1.7758 0.0508575 15715.7
537100 3.55419 0.00257531 15680.4
537200 6.52868 1.75373e-05 15663.7
537300 6.36415 2.31112e-05 15633.8
537400 2.64569 0.0118211 15604.9
537500 2.9539 0.00704906 15603.1
537600 2.85074 0.00838074 15626.6
537700 10.7926 1.37331e-08 15642
537800 6.08879 3.66788e-05 15655.5
537900 4.85487 0.000290606 15697.4
538000 0.758936 0.27998 15697.3
538100 2.93344 0.00729513 15638.9
538200 2.95261 0.00706438 15544.3
538300 11.5203 4.05175e-09 15445.8
538400 2.01969 0.0337822 15352.6
538500 -1.72126 17.9438 15323.8
538600 3.6636 0.00214353 15306
538700 -2.16902 38.0271 15261.7
538800 1.7269 0.0552053 15266.5
538900 2.77154 0.00957144 15314.1
539000 2.64965 0.0117428 15361.5
539100 6.14587 3.33299e-05 15475.7
539200 2.33889 0.0197768 15568.9
539300 7.13467 6.34614e-06 15568.7
539400 4.19023 0.000886103 15512
539500 0.5668 0.386452 15467.7
539600 0.259927 0.646618 15472.2
539700 0.9095 0.217492 15502.6
539800 -0.830251 4.02554 15546.1
539900 2.90074 0.00770651 15619.9
540000 6.58594 1.59311e-05 15632.4
540100 1.88895 0.0420661 15601.5
540200 -0.346477 1.78815 15568.9
540300 5.41225 0.000114094 15574.1
540400 -1.12697 6.62186 15622.8
540500 3.18554 0.00477955 15705
540600 1.90693 0.0408162 15769.4
540700 2.87875 0.00799614 15779.5
540800 -0.506774 2.33979 15772.1
540900 7.94593 1.62748e-06 15776.4
541000 2.83626 0.00858677 15761.2
541100 2.65916 0.011557 15679.7
541200 7.8708 1.84607e-06 15636.8
541300 1.52707 0.0771891 15619.7
541400 7.29996 4.80949e-06 15538.8
541500 -1.53914 13.2203 15473.7
541600 7.09437 6.78997e-06 15463
541700 -0.90426 4.55763 15509
541800 3.96566 0.00129147 15599.8
541900 2.27395 0.0220529 15678.7
542000 1.41851 0.0926051 15754.4
542100 0.245742 0.662187 15839.8
542200 0.000823931 0.998619 15875.8
542300 1.69191 0.0585425 15790.3
542400 -0.340161 1.7693 15682.3
542500 9.97718 5.39242e-08 15580.8
542600 2.85605 0.00830643 15461.9
542700 5.09065 0.000195679 15343.7
542800 5.5823 8.57795e-05 15315.8
542900 7.50184 3.4279e-06 15372.1
543000 2.25208 0.0228766 15470.7
543100 3.742 0.00187936 15603.9
543200 4.0384 0.00114312 15752.9
543300 3.94795 0.0013304 15876.4
543400 3.14032 0.0051562 15926.9
543500 4.23562 0.000821143 15941.6
543600 1.07932 0.163582 15904.4
543700 0.0324185 0.947073 15822.2
543800 8.1237 1.20785e-06 15780.4
543900 3.46326 0.00299965 15760.9
544000 0.546133 0.400084 15744.3
544100 0.0927727 0.855887 15724.7
544200 -0.242008 1.50072 15762.4
544300 -3.66144 464.835 15802.3
544400 1.67925 0.0597991 15821.5
544500 3.925 0.00138262 15754.4
544600 -1.23352 7.91775 15671.3
544700 6.07584 3.74841e-05 15612.3
544800 0.789948 0.265788 15656.8
544900 1.02232 0.179994 15735
545000 3.08704 0.00563825 15806.3
545100 2.81049 0.00896611 15858.2
545200 -0.664152 3.04666 15827.3
545300 -1.26429 8.33714 15762.2
545400 -0.191831 1.37958 15694.3
545500 1.94379 0.0383687 15685.1
545600 2.45263 0.0163418 15719.8
545700 -0.24973 1.52028 15732.2
545800 3.81477 0.00166343 15721.6
545900 6.50794 1.81579e-05 15737.9
546000 2.2644 0.0224087 15696.4
546100 2.08878 0.0300856 15633.1
546200 1.38276 0.0983288 15547.9
546300 0.874701 0.230566 15452.5
546400 -0.532335 2.44229 15402.6
546500 0.53578 0.407092 15400
546600 4.41493 0.000607849 15453.3
546700 4.24548 0.000807671 15530.9
546800 3.78409 0.00175127 15627.7
546900 1.56215 0.0727776 15685.5
547000 7.04535 7.37183e-06 15689.5
547100 -2.03992 30.6229 15704.4
547200 2.96909 0.00687176 15699.7
547300 -6.38839 45065.2 15720
547400 0.691885 0.313309 15751
547500 -0.484144 2.25264 15762.9
547600 0.536174 0.406823 15744.1
547700 0.165543 0.757538 15691.7
547800 -0.269625 1.57187 15686.7
547900 3.46788 0.00297648 15702.8
548000 0.292158 0.612586 15710
548100 -1.92404 25.2135 15701.8
548200 2.94827 0.00711591 15683.5
548300 4.42673 0.000595939 15624.1
548400 4.10969 0.00101428 15488.8
548500 2.84049 0.00852604 15345.8
548600 4.69765 0.000378303 15312.8
548700 11.6501 3.25922e-09 15310.7
548800 6.58548 1.59434e-05 15324.7
548900 10.3457 2.90629e-08 15386.5
549000 -3.15797 199.771 15503.6
549100 10.8068 1.34088e-08 15653.1
549200 -0.496827 2.30107 15758.4
549300 5.15126 0.000176762 15767
549400 5.03821 0.000213669 15759.8
549500 -2.0073 28.9927 15781.4
549600 1.02894 0.178007 15832.9
549700 -1.54178 13.279 15820.4
549800 5.08978 0.000195965 15731.7
549900 2.09041 0.0300033 15622
550000 3.39799 0.00334674 15526.7
550100 3.55302 0.00258039 15481
550200 -0.630323 2.87859 15468
550300 8.89852 3.29286e-07 15480.1
550400 0.832543 0.24746 15540
550500 2.09386 0.02983 15581.8
